ID,Question,Answer
1,最近咳が続くのですが、どのようにしたらよいでしょうか？,"**結論：咳が続く場合は、原因を特定するために医療機関を受診し、適切な治療を受けることが重要です。**

---

### **咳が続く原因と対処法**
1. **原因の可能性**  
   - **感染症**：風邪（ウイルス感染）、新型コロナウイルス、肺炎など。  
   - **気道疾患**：気管支炎、喘息、慢性閉塞性肺疾患（COPD）。  
   - **アレルギー/逆流**：花粉症、胃酸逆流症（GERD）。  
   - **肺疾患**：肺結核、肺がん。  
   - **薬剤関連**：高血圧薬（ACE阻害薬）が原因の咳。

2. **自宅でできる対処法**  
   - **水分補給**：咳の刺激を緩和するため、温かいお茶や水をこまめに。  
   - **加湿**：乾燥した空気を避けるため、加湿器を使用。  
   - **休息**：疲労が免疫力低下を招くため、睡眠を十分に。  
   - **タバコ禁煙**：肺への負担を減らすため、喫煙は厳禁。

3. **受診が必要な場合**  
   - **重症化の兆候**：血痰、呼吸困難、発熱（38℃以上持続）、体重減少。  
   - **3週間以上続く咳**：慢性咳嗽の可能性があり、検査が必要です。

4. **医療機関での検査**  
   - **レントゲン/CT**：肺の異常（肺炎、肺結核、肺がん）を確認。  
   - **血液検査**：感染症や膠原病の有無を調べる。  
   - **呼吸機能検査**：喘息やCOPDの診断に役立つ。

---

### **患者さんの心配に応えるポイント**  
- **「咳が止まらないのは病気？」**  
  3週間以上続く咳は約80%が病気が原因とされています。早めの受診で早期治療が可能です。  
- **「薬が効かない場合」**  
  咳止め薬は症状を一時的に緩和するだけです。根本原因を治療しないと改善しません。

---

**安心材料：**  
「咳が続く場合、医療機関では約80%の原因が特定され、適切な治療で改善します。例えば、胃酸逆流症の場合は薬と生活習慣の改善で治ります。早めの受診が健康を守ります」"
2,風邪に抗生物質は効果がありますか？,"**結論：抗生物質は風邪（ウイルス感染）には効果がありません。**  
風邪の90%以上はウイルス（インフルエンザ、コロナ、アデノウイルスなど）が原因で、抗生物質は「細菌」にのみ効果があります。ウイルス感染症に抗生物質を使用しても症状は改善せず、むしろ副作用や耐性菌のリスクが高まります。

---

### **抗生物質が不要な理由**
1. **ウイルスと細菌の違い**  
   - **ウイルス**：細胞内に感染し、宿主の機械を乗っ取って増殖します。抗生物質はウイルスの構造を破壊できないため、効果なし。  
   - **細菌**：独立して増殖する単細胞生物。抗生物質は細菌の細胞壁やDNA合成を阻害します。

2. **副作用とリスク**  
   - 腸内フローラ（善玉菌）の乱れ→下痢やカンジダ感染。  
   - 耐性菌（MRSAなど）の増加→深刻な感染症の原因に。  
   - アレルギー反応（発疹、アナフィラキシーショック）。

3. **効果があるのは細菌感染症の場合**  
   - 例：細菌性喉頭炎、気管支炎、肺炎。  
   - 診断には血液検査、画像検査、細菌培養が必要です。

---

### **風邪の適切な対処法**
- **休息と栄養**：免疫を高める最善策。  
- **対症療法**：解熱剤（イブプロフェン）、湿潤療法（加湿器）、うがい薬。  
- **抗ウイルス薬**：インフルエンザやコロナの場合、早期投与が有効（医師の判断が必要）。

---

### **抗生物質が必要な場合**
- 症状が1週間以上続く（細菌感染の合併症の可能性）。  
- 高熱、咳の持続、胸痛（肺炎の疑い）。  
- 喉の赤み、腫れ、膿（細菌性喉頭炎）。

---

### **医師からのアドバイス**
- 自己判断で抗生物質を服用しないでください。  
- 症状が悪化した場合は速やかに受診してください。  
- ハンドウォッシュやマスクでウイルス感染予防を心がけましょう。

抗生物質は「必要な時だけ」使うべき薬です。無駄に使用すると、未来の治療が難しくなります。安心して治療を受けてください。"
3,ＣＴを撮るのですが、造影剤の問題とリスクについて教えてください。,"**結論**  
造影剤はCT検査で臓器や血管を鮮明に映し出すための薬剤ですが、リスクは非常に低く、ほとんどの方は問題ありません。アレルギー反応や腎臓への影響が懸念されますが、事前の検査や対策で軽減できます。  

---

### **1. 造影剤の役割と種類**  
造影剤は「イオデット造影剤」と「ガドリニウム造影剤」の2種類があり、CTでは主にイオデット造影剤が使用されます。  
- **目的**：血管や臓器を鮮明にし、腫瘍や動脈瘤、血栓などを検出します。  
- **使用方法**：静脈注射（点滴）または経腸投与（胃腸検査の場合）。  

---

### **2. リスクと頻度**  
#### **（1）アレルギー反応**  
- **発生率**：約0.3～1.5%（軽度）、重大な反応は0.03%以下。  
- **症状**：発疹、かゆみ、呼吸困難など。  
- **対策**：事前にアレルギー歴を確認し、必要に応じて抗ヒスタミン薬を投与します。  

#### **（2）腎臓への影響**  
- **リスク要因**：腎機能低下（eGFR＜60）、糖尿病、高齢者。  
- **対策**：事前に腎機能検査（血液検査）を行い、必要に応じて水分摂取や利尿剤を使用します。  

#### **（3）その他のリスク**  
- **重大な合併症**：腎不全やアナフィラキシーショックは極めて稀です。  
- **注意点**：妊娠中や授乳中の方は医師と相談が必要です。  

---

### **3. 安心できる理由**  
- **事前検査**：腎機能やアレルギー歴を確認します。  
- **緊急対応**：反応が起きた場合、即座に適切な処置を実施します。  
- **代替検査**：造影剤が不安な場合は、超音波やMRIを提案します。  

---

### **4. あなたに必要な情報**  
- **事前に準備するもの**：アレルギー歴、現在の薬剤、腎機能検査結果。  
- **検査後の注意点**：水分を多めに摂取し、腎臓の負担を軽減します。  

---

### **まとめ**  
造影剤は検査の精度を大幅に向上させる重要な薬剤ですが、リスクは非常に低く、事前の検査や対策で軽減できます。不安な点があれば、担当医に遠慮なく相談してください。安心して検査を受けていただけるよう、万全の準備を整えております。"
4,画像診断で腫瘍が見つかったので、良性か悪性かを見るために生検したいと患者に伝えよ,"**結論**  
「生検を行うことで、腫瘍が『良性』か『悪性』かを正確に診断できます。画像診断では組織の性質までわからないため、病理検査が必要です。」

---

### **1. 生検が必要な理由**  
画像診断（CT・MRIなど）は腫瘍の位置や大きさを確認できますが、組織の性質（良性/悪性）を判断できません。  
- **例**：脂肪腫（良性）と腫瘍性脂肪肉腫（悪性）は画像で区別できません。  
- **病理検査**：腫瘍組織を顕微鏡で観察し、細胞の異型性や増殖速度を評価します。

---

### **2. 生検の方法と安全性**  
- **方法**：  
  - **針生検**：局所麻酔で針を刺し、組織を採取します（痛みは軽い）。  
  - **切除生検**：手術で腫瘍全体を切除し、病理検査します（完全切除が可能なら悪性腫瘍の治療としても有効）。  
- **リスク**：感染や出血のリスクは低く、鎮痛剤で対応できます。

---

### **3. 検査後の流れ**  
- **良性の場合**：手術が必要ない場合もあります。  
- **悪性の場合**：ステージング検査（転移の有無を確認）を行い、治療計画を立てます。  

---

### **4. 患者への安心材料**  
- **早期発見のメリット**：悪性腫瘍でも早期に治療すれば、予後が大きく改善します。  
- **正確な診断**：病理検査は『金の標準』とされ、診断の信頼性が最も高い方法です。

---

**まとめ**  
「生検は『腫瘍の正体』を明らかにするための重要な検査です。不安な点があれば、検査前の説明会で詳しくご相談ください。」"
5,最近太ったといわれたのですが、健康なダイエットの仕方を教えてください。,"**結論：健康的なダイエットの3つのステップ**  
1. **「カロリーギャップ」を適切に作る**（食事＋運動で1日500～750kcal不足）  
2. **「3要素」をバランスよく組み合わせる**（食事・運動・睡眠）  
3. **「持続可能」な方法を選び、専門家と相談する**  

---

### **1. カロリーギャップの医学的根拠**  
- **体重変化の公式**：1kg脂肪を減らすには約7,200kcal不足が必要（米国栄養士協会推奨）。  
- **適切なペース**：1週間に0.5～1kgの減量が安全（WHO基準）。  
- **危険な例**：1日1,200kcal以下は栄養失調リスク（※1）。  

---

### **2. 3要素の具体例**  
#### **（1）食事：「3:2:1」バランス**  
- **3割**：野菜（食物繊維で満腹感↑）  
- **2割**：良質タンパク質（鶏胸肉、豆類）  
- **1割**：健康脂肪（アボカド、オリーブオイル）  
- **注意点**：炭水化物は「玄米＞白米」、間食はナッツ10粒程度。  

#### **（2）運動：「30-30-30」ルール**  
- **30分有酸素**：ウォーキング（1日30分で約150kcal消費）  
- **30分筋トレ**：週3回（筋肉量↑で基礎代謝↑）  
- **30秒インターバル**：高強度インターバルトレーニング（HIIT）で脂肪燃焼効率UP。  

#### **（3）睡眠：「7時間ルール」**  
- **成長ホルモン分泌**：22～2時がピーク（脂肪分解促進）。  
- **食欲コントロール**：睡眠不足で「グレリン」増加（過食誘引）。  

---

### **3. 持続可能かのチェックポイント**  
- **「楽しい」を優先**：苦痛な方法は続かない（例：好きな音楽を聴きながら散歩）。  
- **「社会的サポート」**：家族や友人と目標を共有。  
- **「リバウンド防止」**：体重が目標に達したら「維持期」に移行（3ヶ月間維持が成功の鍵）。  

---

### **鑑別診断と注意点**  
- **甲状腺疾患**：基礎代謝異常で痩せにくい場合、血液検査が必要。  
- **糖尿病**：糖質制限過度で低血糖リスク（医師と相談）。  
- **骨粗鬆症リスク**：急激な体重減少で骨密度低下（特に女性）。  

---

### **まとめ**  
健康的なダイエットは「短期集中」ではなく「長期戦」です。  
「1日30分散歩＋野菜中心の食事＋7時間睡眠」だけで、1ヶ月で2kg減が目安です。  
もし持病や体重変化に不安がある場合は、必ず医師や管理栄養士に相談してください。  

※1：米国栄養士協会（AND）ガイドラインより参照。"
