ID,Question
A001,無症状で発見されることが多い疾患はどれか。 ａ 大動脈解離 ｂ 腹部大動脈瘤 ｃ 感染性心内膜炎 ｄ 冠攣縮性狭心症 ｅ たこつぼ心筋症
A002,高齢者の入浴中の事故の予防で正しいのはどれか。 ａ 食後に入浴する。 ｂ 深夜に入浴する。 ｃ 浴槽から出た後は体を冷やす。 ｄ 気温が高い時期の入浴を避ける。 ｅ 居室と脱衣所の温度差をなくす。
A003,低カルシウム血症と低リン血症を同時にきたす病態はどれか。 ａ 腫瘍性骨軟化症 ｂ 甲状腺機能亢進症 ｃ ビタミン D 欠乏症 ｄ 副甲状腺機能低下症 ｅ 慢性腎臓病に伴うミネラル骨代謝異常
A004,無痛性虚血性心疾患をきたしやすいのはどれか。 ａ 糖尿病 ｂ 骨粗鬆症 ｃ 気管支喘息 ｄ Parkinson 病 ｅ 胃食道逆流症
A005,特発性肺線維症の症状・身体所見で誤っているのはどれか。 ａ ばち指 ｂ 湿性咳嗽 ｃ 体重減少 ｄ fine crackles ｅ 労作時呼吸困難
A006,疾患とその原因の組合せで誤っているのはどれか。 ａ 肝細胞癌 肝硬変 ｂ 食道腺癌 Barrett 食道 ｃ 胆道癌 先天性胆道拡張症 ｄ 膵管癌 膵・胆管合流異常症 ｅ 胃 癌 ヘリコバクター・ピロリ感染症
A007,我が国でのたばこ対策で実施されているのはどれか。 ａ たばこ広告の禁止 ｂ たばこパッケージの警告表示 ｃ ニコチン依存症の治療の無料化 ｄ 公共施設の屋内における空間分煙の義務化 ｅ 非喫煙者に対する医療保険の保険料の減額
A008,成人の痔瘻で誤っているのはどれか。 ａ 自然治癒する。 ｂ Crohn 病に合併する。 ｃ 肛門癌の原因になる。 ｄ 肛門周囲膿瘍で発症する。 ｅ 便意とは関係なく排膿する。
A009,神経性過食症〈大食症〉で正しいのはどれか。 ａ 自己肯定感が高い。 ｂ 過活動になることが多い。 ｃ 肥満に対する恐怖心はない。 ｄ 自己誘発嘔吐と下剤乱用を反復することが多い。 ｅ 食事をコントロールできるという感覚は保たれる。
A010,梅毒で誤っているのはどれか。 ａ TPHA は疾患活動性の指標となる。 ｂ 他の性感染症の合併について検索する。 ｃ 神経梅毒は感染からの期間を問わず起こる。 ｄ 妊婦が未治療の場合、児の先天梅毒の原因となる。 ｅ 日本では 10 年前と比較して報告数が増加している。
A011,腹圧性尿失禁の原因はどれか。 ａ 尿 閉 ｂ 脳梗塞 ｃ 過活動膀胱 ｄ 間質性膀胱炎 ｅ 前立腺全摘除術
A012,後天性の感音難聴を引き起こすウイルスはどれか。 ａ アデノウイルス ｂ Epstein-Barr〈EB〉ウイルス ｃ 単純ヘルペスウイルス ｄ 風疹ウイルス ｅ ムンプスウイルス
A016,"32 歳の男性。右陰囊の腫大を主訴に来院した。 3 か月前から右陰囊の無痛性腫 大を自覚したため受診した。既往歴と家族歴に特記すべきことはない。身長 170 cm、体重 69 kg。体温 36.1 ℃。脈拍 72/分、整。血圧 122/66 mmHg。右精巣に硬 結を触知し圧痛を認めない。血液所見：赤血球 440 万、Hb 13.7 g/dL、Ht 42 %、 白血球 6,000、血小板 30 万。血液生化学所見：LD 302 U/L（基準 124～222）、hCG 0.1 mIU/mL（基準 0.7 以下）、α-フェトプロテイン〈AFP〉5.2 ng/mL（基準 20 以 下）。陰囊部超音波検査で右精巣に長径 5 cm の内部不均一な充実性腫瘤像を認め る。胸腹部造影 CT で最大径 3 cm の後腹膜リンパ節腫大を認める。 まず行うべき対応はどれか。 ａ 経過観察 ｂ 放射線治療 ｃ 精巣の針生検 ｄ 高位精巣摘除術 ｅ 殺細胞性抗癌薬"
A019,"20 歳の男性。胸部不快感と呼吸困難を主訴に来院した。これまでに何度か胸部 不快感を自覚したが、医療機関を受診していなかった。昨日から呼吸困難が出現 し、持続しているため受診した。既往歴に特記すべきことはない。家族歴は父親が 20 歳台で脳静脈洞血栓症を発症。意識は清明。体温 36.2 ℃。脈拍 96/分、整。血 圧 104/68 mmHg。呼吸数 24/分。SpO2 94 %（room air）。心音と呼吸音とに異常を 認めない。腹部は平坦、軟で、肝・脾を触知しない。下肢に軽度の浮腫を認める。 血液所見：赤血球 450 万、Hb 14.5 g/dL、Ht 42 %、白血球 6,200（好中球 62 %、 好酸球 1 %、単 球 5 %、リ ン パ 球 32 %）、血 小 板 22 万、PT-INR 1.0（基 準 0.9～1.1）、活性化部分トロンボプラスチン時間〈APTT〉30 秒（基準対照 32.2）、 血漿フィブリノゲン 288 mg/dL（基準 186～355）、D ダイマー 10 μg/mL（基準 1.0 以 下）。血 液 生 化 学 所 見：総 ビ リ ル ビ ン 1.1 mg/dL、LD 208 U/L（基 準 124～ 222）、尿素窒素 22 mg/dL、クレアチニン 0.6 mg/dL。CRP 0.3 mg/dL。胸部エッ クス線写真で異常を認めない。 直ちに行う検査で適切なのはどれか。 ａ 気管支鏡検査 ｂ 呼吸機能検査 ｃ 頸部超音波検査 ｄ 胸部～下肢造影 CT ｅ 足関節上腕血圧比〈ABI〉"
A025,"28 歳の女性（ 2 妊 1 産）。妊娠 32 週に胎児発育不全を指摘され紹介受診した。妊 娠 10 週に行った妊婦初期検査では血液型 O 型 RhD（＋）、間接 Coombs 試験陰性、 HBs 抗原陰性、HCV 抗体陰性、風疹 HI 抗体価 128 倍、RPR 1 倍未満、TPHA 陰 性、HIV 抗原・抗体陰性であった。妊娠 15 週に感冒様症状が数日続いたが、自然 に軽快したためそのままにしていた。来院時の胎児超音波検査で大横径〈BPD〉 73 mm（－2 SD）、腹囲〈AC〉23 cm、大腿骨長〈FL〉24 mm、推定胎児体重〈EFW〉 1,368 g（－2 SD）、胎児に腹水を認める。 考えられる母子感染症はどれか。 ａ 水 痘 ｂ 梅 毒 ｃ 風 疹 ｄ B 型肝炎 ｅ サイトメガロウイルス感染症"
A029,"25 歳の女性（ 2 妊 0 産）。初経は 12 歳。 4 日前から下腹部痛を自覚したため産科 診療所を受診した。月経周期は 28 日型、整、順。最終月経は 10 日前から 5 日間。 最近 2 年間に 2 回人工妊娠中絶手術を受けた。身長 160 cm、体重 53 kg。体温 37.9 ℃。脈拍 100/分、整。血圧 116/62 mmHg。呼吸数 20/分。腹部は平坦で、下 腹部に反跳痛を認める。内診で子宮は正常大で圧痛を認める。付属器は痛みのため 触知できない。腟鏡診で外子宮口に黄色膿性分泌物を認める。血液所見：赤血球 320 万、Hb 10.3 g/dL、Ht 30 %、白血球 18,300（桿状核好中球 60 %、分葉核好中 球 26 %、好 酸 球 0 %、好 塩 基 球 1 %、リ ン パ 球 13 %）、血 小 板 41 万。CRP 16 mg/dL。妊娠反応検査陰性。経腟超音波検査で左卵管のソーセージ様腫大を認め、 同部が痛みの最強点となっている。 まず投与すべきなのはどれか。 ａ 抗菌薬 ｂ 整腸薬 ｃ 抗ウイルス薬 ｄ GnRH アゴニスト ｅ グルココルチコイド"
A030,67 歳の男性。酩酊状態のため心配した家族に付き添われて来院した。若い頃か ら晩酌が習慣であった。 1 年前の定年退職後から飲酒量が多くなり、最近、食事を 食べずに朝から夜まで飲酒している。家族によると、酔っているとき手や指の振え が止まるという。また、飲酒を控えるように言っても、隠れて酒を買いに行って飲 んでしまうという。身長 173 cm、体重 51 kg。体温 36.8 ℃。脈拍 72/分、整。血 圧 108/78 mmHg。呼吸数 18/分。SpO2 98 %（room air）。アルコール臭があるが、 会話は可能である。眼瞼結膜は軽度貧血様である。眼球結膜に黄染を認めるが、眼 球運動は正常である。心音と呼吸音とに異常を認めない。腹部は平坦、軟で、肝・ 脾を触知しない。断酒と検査目的で入院することとなった。 入院後に投与すべき薬剤はどれか。 ａ 抗酒薬 ｂ レボドパ〈L-dopa〉 ｃ ベンゾジアゼピン系薬剤 ｄ アセチルコリンエステラーゼ阻害薬 ｅ 選択的セロトニン再取り込み阻害薬〈SSRI〉
A031,"84 歳の男性。発熱を主訴に来院した。10 日前から右側胸部の痛みを自覚してい た。 3 日前から発熱が出現したため受診した。 1 年前、脳梗塞により左不全片麻痺 があり、時々食事でむせることがある。意識は清明。身長 162 cm、体重 46 kg。体 温 37.6 ℃。脈拍 104/分、整。血圧 110/66 mmHg。呼吸数 24/分。SpO2 95 %（room air）。残存歯は数本でう歯があり口腔内は乾燥している。心音に異常を認めない。 呼吸音は右下肺野に coarse crackles を聴取する。血液所見：赤血球 436 万、Hb 13.9 g/dL、Ht 42 %、白血球 12,600（好中球 75 %、好酸球 1 %、好塩基球 1 %、単 球 6 %、リンパ球 17 %）、血小板 18 万。CRP 12 mg/dL。胸部エックス線写真で右 下肺野に浸潤影を認める。入院し多職種で連携してこの患者の肺炎治療サポートを 行うことになった。 現時点でかかわらないのはどれか。 ａ 管理栄養士 ｂ 言語聴覚士 ｃ 歯科衛生士 ｄ 理学療法士 ｅ 臨床工学技士"
A032,"70 歳の男性。全身倦怠感を主訴に来院した。 2 週間前から全身倦怠感が出現し 軽快しないため受診した。眼瞼結膜は貧血様で、眼球結膜に黄染を認めない。腹部 は平坦、軟で、肝・脾を触知しない。両下肢に点状出血を認める。血液所見：赤血 球 174 万、Hb 5.4 g/dL、Ht 16 %、網赤血球 1 %、白血球 1,800（分葉核好中球 20 %、好酸球 1 %、単球 2 %、リンパ球 77 %）、血小板 2.2 万。血液生化学所見：総 蛋白 6.2 g/dL、アルブミン 3.2 g/dL、総ビリルビン 0.6 mg/dL、AST 28 U/L、 ALT 34 U/L、LD 140 U/L（基準 124～222）、尿素窒素 12 mg/dL、クレアチニン 0.7 mg/dL。末梢血塗抹標本で赤血球に異常を認めない。骨髄生検では著明な低形 成所見を認める。 治療で適切でないのはどれか。 ａ 血漿交換 ｂ 赤血球輸血 ｃ 抗胸腺細胞グロブリン〈ATG〉投与 ｄ トロンボポエチン受容体作動薬投与 ｅ 顆粒球コロニー刺激因子〈G-CSF〉投与"
A035,"71 歳の男性。肝炎ウイルス検診で「現在、C 型肝炎ウイルスに感染している可能 性が極めて高い」と判定されて受診した。高血圧症でカルシウム拮抗薬を内服して いる。12 歳時に交通事故で輸血を受けた。喫煙歴はない。飲酒は機会飲酒。意識 は清明。脈拍 76/分、整。血圧 132/74 mmHg。眼瞼結膜と眼球結膜とに異常を認 めない。心音と呼吸音とに異常を認めない。腹部は平坦、軟で、肝・脾を触知しな い。血液所見：赤血球 485 万、Hb 14.7 g/dL、白血球 6,300、血小板 16 万。血液 生化学所見：総蛋白 7.3 g/dL、アルブミン 4.5 g/dL、総ビリルビン 0.7 mg/dL、 AST 24 U/L、ALT 28 U/L、γ-GT 36 U/L（基準 13～64）、尿素窒素 12 mg/dL、ク レアチニン 0.5 mg/dL、eGFR 82.8 mL/分/1.73 m2 。免疫血清学所見：HBs 抗原 陰性、HBs 抗体陰性、HBc 抗体陰性、HCV 抗体陽性、HCV-RNA 陽性。腹部超音 波検査で異常を認めない。 第一選択薬はどれか。 ａ インターフェロン ｂ 核酸アナログ製剤 ｃ グルココルチコイド ｄ ウルソデオキシコール酸 ｅ 直接作用型抗ウイルス薬〈direct acting antivirals〉"
A036,64 歳の女性。息苦しさを主訴に来院した。15 年前から高血圧症と糖尿病を指摘 されていたが、医療機関を受診しなかった。 2 か月前に発熱で自宅近くの診療所を 受診し、腎機能障害を指摘された。 3 週間前から食欲がなく果物だけ食べていた。 一昨日の夜間就寝後から息苦しさを自覚したため受診した。意識は清明。身長 166 cm、体重 75 kg（ 2 か月前は 70 kg）。脈拍 92/分、整。血圧 190/110 mmHg。 呼吸数 20/分。SpO2 90 %（room air）。両下肺野に coarse crackles を聴取する。両 下腿に高度の圧痕性浮腫を認める。尿所見：蛋白 3 ＋、糖 2 ＋、潜血（－）。随時尿 の尿蛋白 188 mg/dL、クレアチニン 87 mg/dL。血液所見：赤血球 335 万、Hb 9.0 g/dL、Ht 31 %。血液生化学所見：総蛋白 5.3 g/dL、アルブミン 2.8 g/dL、尿素 窒素 56 mg/dL、クレアチニン 3.9 mg/dL、尿酸 6.8 mg/dL、血糖 263 mg/dL、 HbA1c 8.6 %（基 準 4.9～6.0）、 Na 140 mEq/L、 K 6.7 mEq/L、 Cl 106 mEq/L、 Ca 7.2 mg/dL、P 5.6 mg/dL。胸部エックス線写真で心拡大と肺うっ血を認める。 心電図でテント状 T 波を認める。 この患者にまず投与すべき薬剤はどれか。 ａ SGLT2 阻害薬 ｂ アルブミン製剤 ｃ グルコン酸カルシウム ｄ エリスロポエチン製剤 ｅ アンジオテンシン受容体拮抗薬
A037,7 歳の男児。右前腕の痛みと右手指の運動障害を主訴に母親に連れられて夜間に 来院した。同日午前にブランコから転落して右肘を強打し受診していた。診療記録 によると右肘に腫脹と変形が認められ、エックス線写真で右上腕骨顆上骨折を認 め、徒手整復とシーネ固定を施行していた。帰宅 8 時間後に仏痛が増強し、右手指 の運動ができなくなったため再度受診した。身長 110 cm、体重 19 kg。シーネの包 帯を外して観察すると、右前腕に著しい腫脹を認めた。右手指は自動屈伸ができ ず、他動伸展すると激しい痛みを訴える。橈骨動脈の拍動を触知しない。 この患児への対応で適切なのはどれか。 ａ 筋膜切開 ｂ 牽引治療 ｃ ギプス固定 ｄ 手指の可動域訓練 ｅ 骨折の観血的整復固定
A039,65 歳の女性（ 2 妊 1 産）。乳房のしこりを主訴に来院した。10 年ほど前から左乳 房のしこりを自覚していたが様子をみていた。最近になって痛みが出現したため受 診した。乳癌の家族歴はない。身長 160 cm、体重 60 kg。体温 36.0 ℃。脈拍 80/分、 整。血圧 146/90 mmHg。左乳房に皮膚の陥凹を認め、径 3 cm の腫瘤を触知する。 マンモグラフィでは周囲にスピキュラを伴う高濃度腫瘤陰影と多形性の微細石灰化 像を認めた。 診断はどれか。 ａ 乳 癌 ｂ 乳腺症 ｃ 葉状腫瘍 ｄ 慢性乳腺炎 ｅ 乳腺線維腺腫
A042,21 歳の女性。 2 週間前からの鼻漏、鼻閉およびくしゃみを主訴に来院した。 3 年前の春から鼻漏、鼻閉およびくしゃみを自覚していた。自宅近くの診療所で抗ヒ スタミン薬が処方されていた。症状は一時改善したが、 3 月初旬から症状が悪化し た。両側鼻粘膜は腫脹しており、水様性鼻汁を認めた。鼻汁好酸球検査は陽性。今 の症状をできるだけ早く改善したいと訴えている。 治療で適切なのはどれか。 ａ 抗菌薬内服 ｂ 減感作療法 ｃ 免疫抑制薬内服 ｄ 鼻内レーザー手術 ｅ 副腎皮質ステロイド点鼻
A043,22 歳の女性。頭痛と浮腫を主訴に来院した。 2 週間前から発熱と咽頭痛があり、 自宅近くの診療所で扁桃炎と診断された。一昨日から頭痛および下肢の浮腫が出現 し、次第に増悪したため受診した。これまでに学校と職場の健診で異常を指摘され たことはない。身長 156 cm、体重 45 kg。脈拍 84/分、整。血圧 156/76 mmHg。 顔面に皮疹はない。心音と呼吸音とに異常を認めない。両下腿に浮腫を認める。神 経診察に異常を認めない。尿所見：蛋白 2 ＋、潜血 3 ＋。 この患者で認められる可能性が高いのはどれか。 ａ C3 低下 ｂ IgE 高値 ｃ M 蛋白陽性 ｄ 抗核抗体陽性 ｅ 抗リン脂質抗体陽性
A046,68 歳の男性。就寝中の行動を心配した妻に伴われて来院した。週に数回、就寝 後 1 時間半ほどすると大声をあげ、むっくと起き上がって何かと戦っているような 行動をするようになった。妻が制止すると我に返り「夢を見ていた」と言い、再び就 寝し翌朝には夢の中でのことだったと記憶している。日中の行動異常は全くない。 身体的には体が固く動作が遅くなったといい、物忘れを自覚している。身長 168 cm、体重 60 kg。四肢に筋強剛を認める。Mini-Mental State Examination〈MMSE〉 では 21 点（満点 30）。血液所見、血液生化学所見、脳波および頭部単純 MRI に異 常を認めない。 この患者の睡眠障害はどれか。 ａ 夜間せん妄 ｂ 睡眠時遊行症 ｃ ナルコレプシー ｄ むずむず脚症候群 ｅ レム〈REM〉睡眠行動障害
A049,"An 85-year-old woman was admitted to the hospital with a left femoral neck fracture and was confined to bed rest. On admission, muscle strength and sensation in the left lower limb were normal, but the next day, she was unable to move her left foot upwards. On examination, she was unable to dorsiflex her left ankle, with decreased sensation on the dorsal aspect of her left foot. The left lower limb was externally rotated. Select the most likely cause of her decreased ankle movement. ａ Cerebral infarction ｂ Lumbar disc herniation ｃ Peroneal〈Fibular〉 nerve palsy ｄ Deep vein thrombosis ｅ Achilles tendon rupture"
A052,48 歳の女性。乳がん検診のマンモグラフィで腫瘤を指摘され、精査目的に来院 した。右乳房の上外側区域に径 25 mm の腫瘤を触知する。 次に行う検査はどれか。 ａ 頭部 MRI ｂ 乳房 MRI ｃ 胸部造影 CT ｄ 乳房超音波検査 ｅ 骨シンチグラフィ
A054,73 歳の男性。発熱と頭痛を主訴に来院した。最近疲れやすく、 3 か月間で 3 kg の体重減少があった。 1 か月前から微熱と頭痛が続き、 5 日前から頭痛が強くなっ た。トイレの場所を間違える、真夜中に食事を要求するなどの異常行動に家族が気 付いていたという。意識は混濁。身長 168 cm、体重 59 kg。体温 38.2 ℃。脈拍 92/分、整。血圧 140/92 mmHg。神経診察では項部硬直、右眼の外転障害、右顔 面の運動麻痺を認める。脳脊髄液所見：外観は水様透明。初圧 200 mmH2O（基準 70～170）、細胞数 250/mm（すべて単核球）（基準 3 0 ～ 2 ）、糖（定量）25 mg/dL（基 準 50～75）、蛋白（定量）180 mg/dL（基準 15～45）、アデノシンデアミナーゼ〈ADA〉 15 IU/L（基準 8 以下）。頭部単純 CT で脳室拡大は認めない。 診断はどれか。 ａ 結核性髄膜炎 ｂ 重症筋無力症 ｃ 正常圧水頭症 ｄ 多発性硬化症 ｅ Bell 麻痺
A057,"1 か月の男児。生後 20 日頃から母乳を飲むのに時間がかかるようになったこと を母親が心配し、両親に連れられて自宅近くの小児科診療所を受診した。在胎 40 週、身長 49.5 cm、体重 2,850 g、頭囲 33 cm で、仮死なく出生した。出生後は完 全母乳栄養である。身長 54.0 cm、体重 3,320 g。体温 36.8 ℃。脈拍 124/分、整。 呼吸数 40/分。啼泣時の表情は正常だが、声が小さく舌が細かくぴくぴくと震えて いる。呼吸時に胸部と腹部が交互に上がる。手指の動きは正常だが、四肢を持ち上 げる運動に乏しい。 両親への説明で正しいのはどれか。 ａ 「人工乳に変えましょう」 ｂ 「感冒薬を服用しましょう」 ｃ 「専門の病院に紹介しましょう」 ｄ 「 1 か月後に再受診してください」 ｅ 「うつ伏せにして寝かせましょう」"
A058,"62 歳の女性。出血斑を主訴に来院した。数か月前から四肢の出血斑に気付いた。 最近、前胸部に点状出血が多数出現したため受診した。意識は清明。体温 36.2 ℃。脈拍 68/分、整。血圧 118/72 mmHg。前胸部と四肢に点状出血を認め る。眼瞼結膜と眼球結膜とに異常を認めない。頸部リンパ節を触知しない。心音と 呼吸音とに異常を認めない。腹部は平坦、軟で、肝・脾を触知しない。血液所見： 赤血球 360 万、Hb 11.0 g/dL、Ht 33 %、白血球 5,100（好中球 53 %、好酸球 2 %、 単球 6 %、リンパ球 39 %）、血小板 2.6 万。PT-INR 1.0（基準 0.9～1.1）、活性化 部分トロンボプラスチン時間〈APTT〉30 秒（基準対照 32.2）、血清 FDP 5 μg/mL （基準 10 以下）。血液生化学所見：総ビリルビン 1.0 mg/dL、直接ビリルビン 0.2 mg/dL、LD 210 U/L（基 準 124～222）、尿 素 窒 素 20 mg/dL、ク レ ア チ ニ ン 0.7 mg/dL。末梢血塗抹標本で白血球と赤血球とに異常を認めない。骨髄塗抹標本で 巨核球の軽度増加を認める。造血細胞に形態異常を認めない。 治療方針の決定に有用な検査はどれか。 ａ 尿素呼気試験 ｂ 血小板凝集能検査 ｃ 抗リン脂質抗体検査 ｄ 組織適合抗原〈HLA〉検査 ｅ 抗 ADAMTS-13 抗体検査"
A059,"29 歳の男性。労作時呼吸困難を主訴に来院した。数年前から職場健診で高血圧 と尿検査異常を指摘されていたが、医療機関を受診しなかった。 1 週間前から階段 を昇る際に息切れを自覚したため受診した。意識は清明。身長 172 cm、体重 82 kg。体 温 36.4 ℃。脈 拍 104/分、整。血 圧 228/132 mmHg。呼 吸 数 20/分。 SpO2 96 %（room air）。頸静脈の怒張を認めない。心音と呼吸音とに異常を認めな い。両前脛骨部に圧痕性浮腫を認める。神経診察で異常を認めない。尿所見：比重 1.020、蛋白 3 ＋、潜血 3 ＋、沈渣に変形赤血球を多数認める。血液所見：赤血球 422 万、Hb 13.7 g/dL、Ht 40 %、白血球 9,800、血小板 17 万。血液生化学所見： 総蛋白 6.9 g/dL、アルブミン 3.8 g/dL、尿素窒素 52 mg/dL、クレアチニン 4.0 mg/dL、Na 138 mEq/L、K 2.9 mEq/L、Cl 106 mEq/L。 降圧薬治療の準備中にまず行う検査はどれか。 ａ 頭部 CT ｂ 眼底検査 ｃ 頸動脈エコー検査 ｄ 腹部エックス線撮影 ｅ 足関節上腕血圧比〈ABI〉"
A061,"7 か月の男児。頭部を前屈する動作を心配した両親に連れられて来院した。在胎 40 週、体重 3,020 g で仮死なく出生した。追視・固視を 1 か月、あやし笑いを 2 か月、定頸を 3 か月で認めた。 2 週間前から両上肢を伸展挙上し、頭部を前屈する 動作が出現した。約 10 秒間隔で 10 回以上反復し、次第に毎日みられるようになっ た。同時期からあやし笑いが乏しくなり、寝返りと坐位保持ができなくなった。 可能性が高いのはどれか。 ａ West 症候群 ｂ 欠神てんかん ｃ Lennox-Gastaut 症候群 ｄ 先天性筋強直性ジストロフィー ｅ 福山型先天性筋ジストロフィー"
A062,22 歳の男性。咳嗽を主訴に来院した。 1 週間前から微熱と咳嗽が出現し改善し ないため受診した。両親と弟と同居。 2 週間前に 16 歳の弟が同様の症状で百日咳 と診断されている。昨日から反復性、発作性の咳嗽が持続している。咳は夜間に強 い。意識は清明。体温 37.1 ℃。脈拍 108/分、整。血圧 124/68 mmHg。呼吸数 22/分。SpO2 98 %（room air）。心音と呼吸音とに異常を認めない。 この疾患で正しいのはどれか。 ａ 空気感染する。 ｂ 潜伏期は 2 、 3 日である。 ｃ 痙咳期に呼気喘鳴を聴取する。 ｄ セフェム系抗菌薬が有効である。 ｅ カタル期には核酸増幅検査が診断に有用である。
A063,"72 歳の女性。①尿量の減少を主訴に来院した。 4 日前から嘔吐と下痢があり食 事量が低下していた。 2 日前から全身倦怠感が出現し、今朝から尿量が減少したた め受診した。12 年前から高血圧症で降圧薬を内服している。身長 154 cm、体重 48 kg（ 2 週間前の体重 51 kg）。脈拍 108/分、整。血圧 100/52 mmHg。口腔内は乾 燥している。胸部と腹部の診察で異常を認めない。尿所見：蛋白 1 ＋、潜血（－）、 沈渣に赤血球 1 ～ 3 /HPF、白血球 1 ～ 2 /HPF、円柱はない。尿生化学所見：② 尿 Na 10 mEq/L。血液所見：赤血球 300 万、③Hb 10.0 g/dL、Ht 31 %、白血球 9,200、血小板 35 万。血液生化学所見：尿素窒素 70 mg/dL、④クレアチニン 2.5 mg/dL（ 1 か月前の採血では 0.9 mg/dL）、Na 138 mEq/L、⑤K 5.5 mEq/L、 Cl 98 mEq/L。 下線部のうち、急性腎障害の原因の鑑別に有用なのはどれか。 ａ ① ｂ ② ｃ ③ ｄ ④ ｅ ⑤"
A064,82 歳の男性。転倒して頭部を受傷し脳挫傷と診断された。急性期治療後、回復 期リハビリテーション病棟に入院した。現在、発症後 30 日目である。意識レベル は JCSⅠ-2。血圧 120/78 mmHg。利き手は右。徒手筋力テストで左上下肢は 4 、 右上肢は肘屈曲 1 、手指屈曲 1 、手指伸展 0 、右下肢は股関節屈曲 1 、膝伸展 2 、 足関節背屈 0 であった。右上下肢に中等度の感覚障害を認める。端座位はほぼ自 立。立ち上がり・立位保持には中等度の介助を要する。 現時点で行うべきリハビリテーションはどれか。 ａ 歩行訓練 ｂ 座位訓練 ｃ 階段昇降訓練 ｄ 右手での書字訓練 ｅ 立ち上がり・立位保持訓練
A065,55 歳の男性。嚥下困難を主訴に来院した。 2 年前から右上肢の筋力低下が出現 した。 1 年前から足がつっぱり、つまずきやすくなった。 3 か月前から食事中にむ せることがある。この 1 年間で体重は 3 kg 減少した。意識は清明。身長 168 cm、 体重 55 kg。体温 36.5 ℃。脈拍 80/分、整。血圧 128/72 mmHg。眼球運動に異常 を認めない。構音障害を認める。舌に萎縮を認め、線維束性収縮を認める。四肢遠 位筋に筋力低下と筋萎縮を認める。腱反射は上下肢とも亢進しており、Babinski 徴候は両側陽性。感覚は正常である。 この患者に起こる可能性が高いのはどれか。 ａ 褥 瘡 ｂ 複 視 ｃ 排尿障害 ｄ 呼吸筋麻痺 ｅ 起立性低血圧
B001,医師の指示があっても採血できない職種はどれか。 ａ 看護師 ｂ 助産師 ｃ 保健師 ｄ 薬剤師 ｅ 臨床検査技師
B002,腹部骨盤部の触診で正しいのはどれか。 ａ 肝臓は、双手診で裏面を触知する。 ｂ 膵臓は、深呼気時に触知する。 ｃ 腎臓は、深吸気時に上極を触知する。 ｄ 膀胱は、直腸指診で背側に触知する。 ｅ 前立腺は、直腸指診で腹側に触知する。
B003,2 歳児のけいれんの原因で最も頻度が高いのはどれか。 ａ 急性脳症 ｂ てんかん ｃ 細菌性髄膜炎 ｄ 熱性けいれん ｅ 憤怒けいれん〈泣き入りひきつけ〉
B004,腹膜炎の所見でないのはどれか。 ａ 反跳痛 ｂ 筋性防御 ｃ 打診による圧痛 ｄ 踵下ろし試験陽性 ｅ Courvoisier 徴候陽性
B005,静脈留置針による末梢静脈路の確保手技で誤っているのはどれか。 ａ 穿刺前に皮膚を消毒する。 ｂ 皮膚面に 15～30 度の角度で穿刺する。 ｃ 血液の流出を確認後に内針とカテーテル（外筒）を少し進める。 ｄ 駆血帯を外してから内針を抜去する。 ｅ 抜去した内針はリキャップをする。
B006,インシデントレポートで正しいのはどれか。 ａ 保健所に提出する。 ｂ 改善策の記述を含める。 ｃ 作成するのは患者である。 ｄ 内容を医療機関のホームページで公開する。 ｅ 提出レポート数が少ない医療機関は安全度が高い。
B007,膝関節 MRI の T2 強調像で筋肉より高信号になるのはどれか。 ａ 腱 ｂ 靱 帯 ｃ 関節液 ｄ 骨皮質 ｅ 半月板
B008,正常の頸部診察で触知が困難な組織はどれか。 ａ 顎下腺 ｂ 頸動脈 ｃ 副甲状腺 ｄ 輪状軟骨 ｅ 胸鎖乳突筋
B009,ランダム化比較試験〈RCT〉で正しいのはどれか。 ａ 観察研究である。 ｂ 外的妥当性が高い研究である。 ｃ 未測定の交絡因子に対応できない。 ｄ 有病率の低い疾患の研究に適している。 ｅ 症例対照研究よりエビデンスレベルが高い。
B010,リハビリテーションで誤っているのはどれか。 ａ 発症後早期に開始する。 ｂ 患者の社会参加を支援する。 ｃ 患者の生活機能の改善を目指す。 ｄ 患者の目標を多職種で共有する。 ｅ 患者の機能障害の固定を目標とする。
B011,臨床研究における患者・市民参画で誤っているのはどれか。 ａ 研究初期からパートナーとして参画する。 ｂ 研究で知り得た情報を公開する権利がある。 ｃ 研究対象者の負担が軽減されるように助言する。 ｄ 研究倫理審査委員会へ一般の立場の委員として参加する。 ｅ 研究に関連する文書が分かりやすい表現になるように助言する。
B013,Which of the following clinical conditions occurs in patients acutely after severe burns? ａ polyuria ｂ hyperlipidemia ｃ hypovolemic shock ｄ venous thrombosis ｅ compartment syndrome
B014,飲酒がリスクファクターとならないのはどれか。 ａ 食道癌 ｂ 認知症 ｃ 骨粗鬆症 ｄ Wernicke 脳症 ｅ 慢性閉塞性肺疾患〈COPD〉
B015,高齢者のポリファーマシーの原因で誤っているのはどれか。 ａ 多疾患の併存 ｂ 処方日数の短期化 ｃ 複数医療機関からの処方 ｄ 薬剤自己管理能力の低下 ｅ 医療機関と薬局の連携の欠如
B016,体液量に占める細胞外液量の割合が最も高いのはどれか。 ａ 新生児 ｂ 乳 児 ｃ 幼 児 ｄ 学 童 ｅ 成 人
B017,診断の除外に有用なのはどれか。 ａ 感度の高い検査が陽性のとき ｂ 感度の高い検査が陰性のとき ｃ 特異度の高い検査が陽性のとき ｄ 特異度の高い検査が陰性のとき ｅ 感度/（1-特異度）が 1 より大きいとき
B019,解釈モデルを知るための質問で適切でないのはどれか。 ａ 「症状をあげていただけますか」 ｂ 「どんな治療が必要になるとお考えですか」 ｃ 「病気が治ったら生活はどう変わりますか」 ｄ 「原因について思い当たることはありますか」 ｅ 「病気があることでどのようにお困りですか」
B020,妄想はどれか。 ａ 「床に小さな虫が沢山見えます」 ｂ 「母親の声で名前を呼ばれるのが聞こえます」 ｃ 「盗聴器を体に埋め込まれて監視されています」 ｄ 「腹の中にあるゴムの球が動き回るのを感じます」 ｅ 「何を食べても砂を嚙んでいるようでおいしくないです」
B021,術前診察時の患者情報と周術期のリスクとの組合せで誤っているのはどれか。 ａ 喫 煙 術後無気肺 ｂ 開口障害 気道確保困難 ｃ 大量飲酒 肺塞栓症 ｄ 抗凝固薬服用中 止血困難 ｅ バナナ摂取後の蕁麻疹 ラテックスアレルギー
B022,身体診察所見と病態・疾患の組合せで正しいのはどれか。 ａ えくぼ徴候 女性化乳房 ｂ Kernig 徴候 髄膜炎 ｃ Chvostek 徴候 胸水貯留 ｄ Blumberg 徴候 停留精巣 ｅ Grey-Turner 徴候 尿路結石
B023,医療事故調査制度で正しいのはどれか。 ａ 刑法に規定されている。 ｂ 警察に通報してから調査を開始する。 ｃ 診療に起因した死亡全てが対象となる。 ｄ 医療の安全の確保に資することを目的とする。 ｅ 調査が終了するまで、医療機関は事故の説明を遺族にしてはならない。
B024,社交〈社会〉不安障害の訴えで特徴的なのはどれか。 ａ 「MRI 検査が怖い」 ｂ 「世間の人々から嫌われている」 ｃ 「明日にも何か大変なことが起こる」 ｄ 「知らない人と会うと非常に緊張する」 ｅ 「外出時、自宅に鍵をかけたか数十回確認する」
B025,16 歳未満を対象にした臨床研究を行う。 対象者の理解力に合わせて説明し、研究への賛意を得るのはどれか。 ａ オプトアウト ｂ パターナリズム ｃ リビングウィル ｄ セカンドオピニオン ｅ インフォームド・アセント
B026,54 歳の女性。糖尿病の定期診察で受診している。既往歴に特記すべきことはな い。専業主婦。喫煙歴はない。飲酒は機会飲酒。51 歳で閉経。家族歴に特記すべ きことはない。身長 158 cm、体重 80 kg。BMI 31.3。体温 36.2 ℃。脈拍 72/分、 整。血圧 126/78 mmHg。呼吸数 18/分。身体所見に異常を認めない。空腹時血糖 は 180～220 mg/dL、HbA1c は 8 ～10 %（基準 4.9～6.0）で推移しており、改善傾 向はない。体重は 2 年間で 5 kg 増加した。外来担当医は血糖降下薬を推奨したが、 患者は毎回「次回までに体重を必ず減らせるから、薬は始めたくない」と断ってい る。ただし、通院を継続する意思はある。 この患者への声かけで適切でないのはどれか。 ａ 「どのような治療なら実践可能だと思いますか」 ｂ 「どのようなことを治療の目標と考えていますか」 ｃ 「改めて薬を始めたくない理由をお話しいただけますか」 ｄ 「いまの糖尿病の状態が続くと、どうなると考えていますか」 ｅ 「薬を始めないのであれば、他の医療機関を受診していただけますか」
B027,72 歳の男性。不眠を主訴に来院した。 1 年前から肺癌の治療を受けている。 6 か月前に腰椎転移を指摘され、歩行、階段昇降および重い荷物を持ち上げた時に腰 痛を自覚した。 1 か月前から立作業の時にも時々軽い腰痛が出現した。 1 週間前か ら痛みのため寝つきが悪くなり、睡眠不足を解消して欲しいと訴えている。 まず仏痛緩和の目標とする痛みはどれか。 ａ 歩行時の痛み ｂ 立位時の痛み ｃ 階段昇降時の痛み ｄ 睡眠を妨げる痛み ｅ 重い荷物を持ち上げる時の痛み
B028,75 歳の女性。 1 か月前に骨転移を伴う進行肺小細胞癌と診断された。薬物によ る抗癌治療などの積極的な治療は実施せず、家で穏やかに過ごしたいという本人の 希望で在宅療養している。患者は月に 2 回の訪問診療を受け、癌性仏痛緩和目的で 数種類の内服薬を服用している。独居だが自宅では自立的な生活を維持している。 本日、担当医が定期の訪問診療に訪れたところ患者から「市販のサプリメントを 服用したい」と強い申し出があった。 対応で誤っているのはどれか。 ａ 患者の思いを丁寧に聞く。 ｂ 医療チームで情報共有する。 ｃ 費用負担について確認する。 ｄ この患者への診療をさし控える。 ｅ サプリメントに関する医療情報を収集する。
B029,64 歳の男性。夜間の盗汗、微熱および持続する咳嗽を主訴に来院した。 4 年前 から関節リウマチで疾患修飾性抗リウマチ薬〈DMARD〉及び生物学的製剤で治療中 である。 1 か月前から夜間の盗汗、微熱および咳嗽が出現した。症状が持続するた め自宅近くの診療所を受診した。心音と呼吸音とに異常を認めない。胸部エックス 線写真で右上肺野に空洞陰影を認めた。 この患者で空気感染予防策の必要性を判断する検査はどれか。 ａ 喀痰抗酸菌染色 ｂ 喀痰抗酸菌培養 ｃ ツベルクリン反応 ｄ 気管支肺胞洗浄〈BAL〉培養 ｅ 結核菌特異的全血インターフェロンガンマ遊離測定法〈IGRA〉
B030,40 歳の男性。職場の健康診断で異常を指摘され来院した。持参した健康診断の 結果は、BMI 31、HbA1c 7.0 %（基準 4.9～6.0）であった。身長 168 cm、体重 90 kg。問診の際、最近、父親が糖尿病による末期腎不全で血液透析を受けるように なったこともあり減量したいが、仕事が忙しいので運動する時間がなく、外食が多 くなってしまうとの話があった。 この患者の行動変容ステージで有効な声がけはどれか。 ａ 「このままだと将来、血液透析が必要になります」 ｂ 「本気で減量したくなったら受診してください」 ｃ 「どうすれば体重を減らせると思いますか」 ｄ 「半年で 5 kg の減量を頑張りましょう」 ｅ 「毎日 30 分間歩きましょう」
B031,1 か月の男児。不機嫌と哺乳不良とを主訴に両親に連れられて来院した。昨夜か ら機嫌が悪く、約 50 % 哺乳量が減少したため夜間救急外来を受診した。周産期に 異常はない。意識は清明。①体温 37.1 ℃。②心拍数 120/分、整。③血圧 80/50 mmHg。④呼吸数 36/分。顔色はやや不良。大泉門は平坦。頸部にリンパ節を触知 しない。心音と呼吸音とに異常を認めない。腹部は軟である。⑤毛細血管再充満時 間 4 秒。 下線部のうち、迅速な対応を要する所見はどれか。 ａ ① ｂ ② ｃ ③ ｄ ④ ｅ ⑤
B032,78 歳の女性。軽度の腰痛を主訴に来院した。昨年までは朝と夕とに 1 日 30 分程 度のウォーキングをしていたが、最近、15 分くらいしか歩行できなくなり、自宅 でつまずくことが多くなった。膝の痛みはないが、軽度の腰痛があるため受診し た。生来健康であり既往歴に特記すべきことはない。喫煙歴はない。飲酒はビール 350 mL/日を週に 3 回。身長 153 cm、体重 57 kg。BMI 24.4。神経診察で異常を認 めない。腰椎エックス線写真で軽度の変形性脊椎症の所見を認めた。 この患者に対する指導で適切なのはどれか。 ａ 「禁酒をしましょう」 ｂ 「外出は控えましょう」 ｃ 「体重を減らしましょう」 ｄ 「腰痛が治まるまでベッド上で安静にしましょう」 ｅ 「転倒に気をつけて片足立ちやスクワットをしましょう」
B033,74 歳の男性。食物のつかえ感を主訴に来院した。 3 か月前から食事中のつかえ 感を自覚したが、徐々に増悪し食事摂取が困難になったため受診した。意識は清 明。身長 170 cm、体重 46 kg（ 3 か月で 10 kg 減少）。体温 37.0 ℃。脈拍 64/分、 整。血圧 100/56 mmHg。呼吸数 14/分。SpO2 96 %（room air）。皮膚は乾燥してい る。眼瞼結膜に貧血を認める。眼球結膜に黄染を認めない。口腔内は乾燥してい る。頸部リンパ節を触知しない。心音と呼吸音とに異常を認めない。腹部は平坦、 軟で、肝・脾を触知しない。上部消化管内視鏡検査で中部食道に腫瘍があり、内視 鏡下生検の病理検査で扁平上皮癌と診断された。経口摂取が困難なため、経管栄養 を行うこととした。胃管を鼻翼から 55 cm まで挿入し、間欠的な経管栄養を開始 した。翌日、経管栄養再開前に胃管が 30 cm 抜けていることに看護師が気付き主 治医に報告した。 経管栄養再開前の対応で適切なのはどれか。 ａ そのまま再開する。 ｂ 胃管を 55 cm まで挿入し再開する。 ｃ 胃管を 55 cm まで挿入し心窩部で空気注入音を聴取し再開する。 ｄ 胃管を 55 cm まで挿入し水を注入して胃管の開通を確認し再開する。 ｅ 胃管を 55 cm まで挿入し胸部エックス線写真で胃管先端が胃内にあること を確認し再開する。
B035,38 歳の男性。交通外傷後の右胸部痛と呼吸困難とを主訴に救急車で搬入された。 乗用車運転中に中央分離帯に正面衝突し胸部を強打した。意識は清明。体温 35.4 ℃。心拍数 108/分、整。血圧 88/60 mmHg。呼吸数 28/分。SpO2 88 %（リザー バー付マスク 10 L/分 酸素投与下）。瞳孔径は両側 4 mm で対光反射は正常であ る。発声は可能で口腔内分泌物はない。毛細血管再充満時間 3 秒である。皮膚には 冷汗と湿潤を認める。頸静脈の怒張がみられる。右胸部は視診で胸郭膨隆、触診で 皮下気腫、打診で鼓音および聴診で呼吸音減弱を認める。心音に異常を認めない。 直ちに行うべき治療はどれか。 ａ 胸腔穿刺 ｂ 低体温療法 ｃ 浸透圧利尿薬投与 ｄ 乳酸リンゲル液大量投与 ｅ 非侵襲的陽圧換気〈NPPV〉
B037,32 歳の女性。頸部リンパ節腫大を主訴に来院した。 3 週間前から左頸部の腫れ に気付いていた。その後、右頸部も腫れてきたので受診した。発熱、体重減少およ び盗汗はない。生来健康。ペット飼育歴とアレルギー歴はない。夫は 3 か月前、陰 茎に無痛性潰瘍があり治療歴がある。意識は清明。身長 168 cm、体重 61 kg。体温 36.7 ℃。脈拍 78/分、整。血圧 106/68 mmHg。呼吸数 16/分。SpO2 100 %（room air）。手掌と足底にびまん性の一部癒合した径 3 mm の紅斑・丘疹を認める。口腔 内には潰瘍性病変を認めない。咽頭は発赤を認めない。左頸部に径 5 cm の可動性 があり、柔軟なリンパ節を 1 個触知する。右頸部にも同様に径 3 cm のリンパ節腫 大を 1 個触知する。心音と呼吸音とに異常を認めない。腹部に肝・脾を触知しな い。 最も適切な治療薬はどれか。 ａ 抗真菌薬 ｂ 抗ウイルス薬 ｃ セフェム系薬 ｄ ペニシリン系薬 ｅ カルバペネム系薬
B038,72 歳の女性。脳梗塞で入院治療し、リハビリテーション後に自宅退院して 3 か 月が経過した。現在は①マンションに一人暮らしをしている。右上下肢に軽度の運 動麻痺が残存し、②長距離を歩くことができない。入院前は③おしゃべり好きで俳 句教室に通うのが趣味であったが、俳句教室の入口の④階段を昇ることができない ため最近は通っていない。退院してから⑤家に閉じこもりがちになっている。 下線部のうち、国際生活機能分類〈ICF〉の参加制約に分類されるのはどれか。 ａ ① ｂ ② ｃ ③ ｄ ④ ｅ ⑤
B039,"25 歳の男性。尿量減少を主訴に来院した。 1 週間前に家族から顔のむくみを指 摘された。 3 日前から尿量が減少したため受診した。生来健康である。身長 177 cm、体重 74 kg。脈拍 72/分、整。血圧 108/64 mmHg。両眼瞼に浮腫を認める。 胸腹部に異常を認めない。両下腿に圧痕性浮腫を認める。尿所見：蛋白 4 ＋、糖 （－）、潜血（－）、蛋白定量 1,540 mg/dL（基準 15～45）、クレアチニン定量 70 mg/dL、Na 15 mEq/L。血液所見：赤血球 632 万、Hb 19.1 g/dL、Ht 55 %。血液 生化学所見：総蛋白 3.6 g/dL、アルブミン 1.2 g/dL、尿素窒素 40 mg/dL、クレ アチニン 1.9 mg/dL、尿酸 7.6 mg/dL、総コレステロール 521 mg/dL、Na 131 mEq/L、K 4.7 mEq/L、Cl 100 mEq/L。 次に行うべき検査はどれか。 ａ 膀胱鏡検査 ｂ レノグラム ｃ 腹部造影 CT ｄ 腹部超音波検査 ｅ 腹部エックス線撮影"
B040,38 歳の初産婦（ 1 妊 0 産）。妊娠 32 週に上腹部痛のため来院した。来院前日から 頭痛、眼のちかちかする感じ（眼華閃発）、心窩部不快感、手指のこわばり、全身の 浮腫および尿量減少を自覚し、本日は上腹部から右季肋部にかけての仏痛、倦怠感 および悪心を訴えている。脈拍 84/分、整。血圧 156/102 mmHg。胎児心拍数陣痛 図では異常を認めない。 この患者で低下していることが予測されるものはどれか。 ａ LD ｂ AST ｃ 血小板数 ｄ ヘマトクリット値 ｅ 尿蛋白/クレアチニン比
B041,"次の文を読み、41、42 の問いに答えよ。 65 歳の女性。異常行動のため救急車で搬入された。 現病歴 ： 1 週間前から便秘があった。数日前に買い物から帰宅した際、買ったも のをゴミ箱に捨てたりお金をばらまくなどの行動があった。今朝からぼんやりとし て呼びかけに反応が鈍いため夫が救急車を要請した。 既往歴 ： 2 型糖尿病と脂肪肝のため自宅近くの診療所に通院し、DPP-4 阻害薬 を内服している。 家族歴 ： 特記すべきことはない。 生活歴 ： 喫煙歴と飲酒歴はない。 現 症 ： うとうとしているが呼びかけで目を開け会話ができる。身長 154 cm、 体重 72 kg。BMI 30.4。体温 36.4 ℃。心拍数 80/分、整。血圧 104/64 mmHg。呼 吸数 16/分。SpO2 98 %（room air）。眼球結膜に黄染を認める。甲状腺腫と頸部リ ンパ節とを触知しない。前胸部にくも状血管拡張と手掌紅斑とを認める。心音と呼 吸音とに異常を認めない。腹部は平坦、軟で、肝を触知しない。脾臓を左肋骨弓下 に 1 cm 触知する。下腿に浮腫を認めない。 検査所見 ： 血液所見：赤血球 396 万、Hb 12.1 g/dL、白血球 3,800、血小板 10 万、PT-INR 1.0（基準 0.9～1.1）。血液生化学所見：総蛋白 7.0 g/dL、アルブミン 3.4 g/dL、総ビリルビン 3.7 mg/dL、AST 74 U/L、ALT 52 U/L、γ-GT 63 U/L（基 準 9 ～32）、コリンエステラーゼ 150 U/L（基準 201～421）、アンモニア 180 μg/dL （基準 18～48）、尿素窒素 12 mg/dL、クレアチニン 0.6 mg/dL、血糖 148 mg/dL、 HbA1c 7.6 %（基準 4.9～6.0）、Na 142 mEq/L、K 3.8 mEq/L、Ca 8.8 mg/dL。 頭部単純 CT で異常を認めない。 41 この患者にみられる神経所見はどれか。 ａ 筋強剛 ｂ 企図振戦 ｃ 項部硬直 ｄ Barré 徴候 ｅ 固定姿勢保持困難〈asterixis〉"
B042,"次の文を読み、41、42 の問いに答えよ。 65 歳の女性。異常行動のため救急車で搬入された。 現病歴 ： 1 週間前から便秘があった。数日前に買い物から帰宅した際、買ったも のをゴミ箱に捨てたりお金をばらまくなどの行動があった。今朝からぼんやりとし て呼びかけに反応が鈍いため夫が救急車を要請した。 既往歴 ： 2 型糖尿病と脂肪肝のため自宅近くの診療所に通院し、DPP-4 阻害薬 を内服している。 家族歴 ： 特記すべきことはない。 生活歴 ： 喫煙歴と飲酒歴はない。 現 症 ： うとうとしているが呼びかけで目を開け会話ができる。身長 154 cm、 体重 72 kg。BMI 30.4。体温 36.4 ℃。心拍数 80/分、整。血圧 104/64 mmHg。呼 吸数 16/分。SpO2 98 %（room air）。眼球結膜に黄染を認める。甲状腺腫と頸部リ ンパ節とを触知しない。前胸部にくも状血管拡張と手掌紅斑とを認める。心音と呼 吸音とに異常を認めない。腹部は平坦、軟で、肝を触知しない。脾臓を左肋骨弓下 に 1 cm 触知する。下腿に浮腫を認めない。 検査所見 ： 血液所見：赤血球 396 万、Hb 12.1 g/dL、白血球 3,800、血小板 10 万、PT-INR 1.0（基準 0.9～1.1）。血液生化学所見：総蛋白 7.0 g/dL、アルブミン 3.4 g/dL、総ビリルビン 3.7 mg/dL、AST 74 U/L、ALT 52 U/L、γ-GT 63 U/L（基 準 9 ～32）、コリンエステラーゼ 150 U/L（基準 201～421）、アンモニア 180 μg/dL （基準 18～48）、尿素窒素 12 mg/dL、クレアチニン 0.6 mg/dL、血糖 148 mg/dL、 HbA1c 7.6 %（基準 4.9～6.0）、Na 142 mEq/L、K 3.8 mEq/L、Ca 8.8 mg/dL。 頭部単純 CT で異常を認めない。 42 治療で適切なのはどれか。 ａ 新鮮凍結血漿の輸血 ｂ 50 % ブドウ糖の静注 ｃ 生理食塩水の点滴静注 ｄ アルブミン製剤の点滴静注 ｅ 分岐鎖アミノ酸製剤の点滴静注"
B043,次の文を読み、43、44 の問いに答えよ。 70 歳の男性。自転車で転倒したため救急車で搬入された。 現病歴 ： 自転車で走行中に転倒し、右側頭部を打撲した。ヘルメットは装着して いなかった。通行人が 119 番に通報し、救急車を要請した。救急隊接触時の意識レ ベルは GCS14（E3V5M6）であった。 既往歴 ： 58 歳から高血圧症で降圧薬を服用中である。 生活歴 ： 喫煙歴はなく、飲酒は機会飲酒。妻と 2 人暮らし。 家族歴 ： 父親は 80 歳時に急性心筋梗塞で死亡。母親は 95 歳で生来健康。 現 症 ： 受傷 30 分後、搬入時の意識レベルは GCS8（E2V2M4）。身長 163 cm、 体重 60 kg。体温 36.7 ℃。心拍数 80/分、整。血圧 148/92 mmHg。呼吸数 22/分。 SpO2 93 %（リザーバー付マスク 10 L/分 酸素投与下）。心音に異常を認めない。 呼吸音に左右差を認めないが、舌根が沈下し、いびき様の呼吸をしている。瞳孔は 右 4 mm、左 3 mm、対光反射は右側で遅延している。右側頭部と右手背部に擦過 傷を認める。外見上、他に目立った外傷は認めないが、左不全片麻痺を認める。 検査所見 ： 迅速簡易超音波検査〈FAST〉では異常を認めない。 43 優先すべき対応で適切なのはどれか。 ａ 気管挿管 ｂ 胸腔穿刺 ｃ 緊急ペーシング ｄ 脳室ドレナージ ｅ 中心静脈カテーテル留置
B047,"次の文を読み、47、48 の問いに答えよ。 36 歳の男性。胸部異常陰影を指摘され来院した。 現病歴 ： 職場の健康診断で胸部異常陰影を指摘され、精査目的で受診した。咳と 血痰の自覚はない。 既往歴 ： 特記すべきことはない。 生活歴 ： 喫煙歴はない。飲酒は機会飲酒。健康な妻と 2 歳の息子との 3 人暮ら し。 家族歴 ： 父親が 60 歳時に肺癌の手術を受けた。 現 症 ： 意識は清明。身長 176 cm、体重 68 kg。体温 36.8 ℃。脈拍 68/分、整。 血圧 126/68 mmHg。呼吸数 16/分。SpO2 97 %（room air）。頭頸部、胸腹部および 四肢に異常を認めない。 検査所見 ： 血液所見：赤血球 468 万、Hb 14.2 g/dL、Ht 45 %、白血球 7,200、 血小板 26 万。血液生化学所見：AST 26 U/L、ALT 18 U/L、LD 136 U/L（基準 124～222）、尿素窒素 12 mg/dL、クレアチニン 0.5 mg/dL、CEA 36 ng/mL（基準 5 以下）、SCC 0.8 ng/mL（基準 1.5 以下）。CRP 0.02 mg/dL。胸部エックス線写 真で左上肺野の結節影、胸部 CT で左肺上葉の結節影および縦隔リンパ節の腫大を 認める。 左肺腺癌と診断され、 2 週間後から根治的化学放射線療法が予定されている。職業 は会社員で癌の診断後は休職している。 研修医と指導医の会話を示す。 研修医 ： 「この患者さんは、治療中に仕事ができず、収入がなくなることを心 配しています。治療費が支払えないのではないかと言っています」 指導医 ： 「社会保障制度があるから、本人に情報提供したらどうかな」 研修医 ： 「①介護保険、②生活保護、③高額療養費制度、④指定難病医療費助 成制度、⑤ひとり親家庭等医療費助成制度を考えたのですが、いかが でしょうか」 47 下線部のうち、この患者に情報提供する制度で適切なのはどれか。 ａ ① ｂ ② ｃ ③ ｄ ④ ｅ ⑤"
B048,"次の文を読み、47、48 の問いに答えよ。 36 歳の男性。胸部異常陰影を指摘され来院した。 現病歴 ： 職場の健康診断で胸部異常陰影を指摘され、精査目的で受診した。咳と 血痰の自覚はない。 既往歴 ： 特記すべきことはない。 生活歴 ： 喫煙歴はない。飲酒は機会飲酒。健康な妻と 2 歳の息子との 3 人暮ら し。 家族歴 ： 父親が 60 歳時に肺癌の手術を受けた。 現 症 ： 意識は清明。身長 176 cm、体重 68 kg。体温 36.8 ℃。脈拍 68/分、整。 血圧 126/68 mmHg。呼吸数 16/分。SpO2 97 %（room air）。頭頸部、胸腹部および 四肢に異常を認めない。 検査所見 ： 血液所見：赤血球 468 万、Hb 14.2 g/dL、Ht 45 %、白血球 7,200、 血小板 26 万。血液生化学所見：AST 26 U/L、ALT 18 U/L、LD 136 U/L（基準 124～222）、尿素窒素 12 mg/dL、クレアチニン 0.5 mg/dL、CEA 36 ng/mL（基準 5 以下）、SCC 0.8 ng/mL（基準 1.5 以下）。CRP 0.02 mg/dL。胸部エックス線写 真で左上肺野の結節影、胸部 CT で左肺上葉の結節影および縦隔リンパ節の腫大を 認める。 左肺腺癌と診断され、 2 週間後から根治的化学放射線療法が予定されている。職業 は会社員で癌の診断後は休職している。 研修医と指導医の会話を示す。 研修医 ： 「この患者さんは、治療中に仕事ができず、収入がなくなることを心 配しています。治療費が支払えないのではないかと言っています」 指導医 ： 「社会保障制度があるから、本人に情報提供したらどうかな」 研修医 ： 「①介護保険、②生活保護、③高額療養費制度、④指定難病医療費助 成制度、⑤ひとり親家庭等医療費助成制度を考えたのですが、いかが でしょうか」 48 この患者が利用できる社会保障制度の説明を依頼すべき職種で最も適切なのはど れか。 ａ 看護師 ｂ 公認心理師 ｃ 介護支援専門員 ｄ 精神保健福祉士 ｅ 医療ソーシャルワーカー"
B049,"次の文を読み、49、50 の問いに答えよ。 78 歳の女性。食欲不振のため救急車で搬入された。 現病歴 ： 約 1 週間前から食事摂取が減少し一日中ベッドに横になっていることが 多くなった。昨日から食事摂取が困難となったため、夫が救急車を要請した。 既往歴 ： 約25 年前に高血圧症、約 2 年前に Alzheimer 型認知症および骨粗鬆症 と診断された。 3 か月前に左大腿骨転子下骨折に対して手術が行われた。アンジオ テンシン受容体拮抗薬〈ARB〉、カルシウム拮抗薬、活性型ビタミン D 製剤および コリンエステラーゼ阻害薬を服用している。 生活歴 ： 夫と 2 人暮らし。喫煙歴はない。飲酒は機会飲酒。 家族歴 ： 父が脳梗塞、母が脳出血。 現 症 ： 意識レベルは JCSⅡ-10。身長 151 cm、体重 46 kg。体温 36.4 ℃。心拍 数 100/分、整。血圧 108/78 mmHg。呼吸数 16/分。SpO2 95 %（room air）。眼瞼結 膜と眼球結膜とに異常を認めない。心音と呼吸音とに異常を認めない。腹部は平 坦、軟で、肝・脾を触知しない。四肢に異常を認めない。 検査所見 ： 尿所見：蛋白（－）、糖（－）、潜血（－）。血液所見：赤血球 320 万、 Hb 10.1 g/dL、Ht 30 %、白血球 7,200、血小板 23 万。血液生化学所見：総蛋白 7.1 g/dL、アルブミン 3.6 g/dL、総ビリルビン 0.6 mg/dL、AST 23 U/L、ALT 12 U/L、LD 184 U/L（基 準 値 124～222）、尿 素 窒 素 41 mg/dL、ク レ ア チ ニ ン 1.0 mg/dL、 血 糖 110 mg/dL、 Na 146 mEq/L、 K 3.8 mEq/L、 Cl 103 mEq/L、 Ca 13.6 mg/dL。CRP 0.2 mg/dL。 頭部単純 CT で異常を認めなかった。 49 この患者に認められる可能性が高い所見はどれか。 ａ 多 尿 ｂ テタニー ｃ Barré 徴候 ｄ Trousseau 徴候 ｅ 固定姿勢保持困難〈asterixis〉"
B050,"次の文を読み、49、50 の問いに答えよ。 78 歳の女性。食欲不振のため救急車で搬入された。 現病歴 ： 約 1 週間前から食事摂取が減少し一日中ベッドに横になっていることが 多くなった。昨日から食事摂取が困難となったため、夫が救急車を要請した。 既往歴 ： 約25 年前に高血圧症、約 2 年前に Alzheimer 型認知症および骨粗鬆症 と診断された。 3 か月前に左大腿骨転子下骨折に対して手術が行われた。アンジオ テンシン受容体拮抗薬〈ARB〉、カルシウム拮抗薬、活性型ビタミン D 製剤および コリンエステラーゼ阻害薬を服用している。 生活歴 ： 夫と 2 人暮らし。喫煙歴はない。飲酒は機会飲酒。 家族歴 ： 父が脳梗塞、母が脳出血。 現 症 ： 意識レベルは JCSⅡ-10。身長 151 cm、体重 46 kg。体温 36.4 ℃。心拍 数 100/分、整。血圧 108/78 mmHg。呼吸数 16/分。SpO2 95 %（room air）。眼瞼結 膜と眼球結膜とに異常を認めない。心音と呼吸音とに異常を認めない。腹部は平 坦、軟で、肝・脾を触知しない。四肢に異常を認めない。 検査所見 ： 尿所見：蛋白（－）、糖（－）、潜血（－）。血液所見：赤血球 320 万、 Hb 10.1 g/dL、Ht 30 %、白血球 7,200、血小板 23 万。血液生化学所見：総蛋白 7.1 g/dL、アルブミン 3.6 g/dL、総ビリルビン 0.6 mg/dL、AST 23 U/L、ALT 12 U/L、LD 184 U/L（基 準 値 124～222）、尿 素 窒 素 41 mg/dL、ク レ ア チ ニ ン 1.0 mg/dL、 血 糖 110 mg/dL、 Na 146 mEq/L、 K 3.8 mEq/L、 Cl 103 mEq/L、 Ca 13.6 mg/dL。CRP 0.2 mg/dL。 頭部単純 CT で異常を認めなかった。 50 初期治療に用いるべきものはどれか。 ａ 生理食塩液 ｂ 点滴用蒸留水 ｃ 50 % ブドウ糖液 ｄ 炭酸水素ナトリウム液 ｅ グルコン酸カルシウム液"
C001,"好酸球増加がみられる疾患はどれか。
- ａ IgA 腎症
- ｂ 遺伝性血管性浮腫
- ｃ 抗リン脂質抗体症候群
- ｄ コレステロール塞栓症
- ｅ 多発血管炎性肉芽腫症"
C002,"終末期がん患者の抑うつ状態への対応で正しいのはどれか。
- ａ 不安について医師からは尋ねない。
- ｂ 誰でも辛いのだから耐えるよう伝える。
- ｃ 希死念慮の話題を始めた時には制止する。
- ｄ 楽しかった過去の話については聞き流す。
- ｅ 気持ちの辛さについて優先順位をつけて対応する。"
C003,"妊娠末期に非妊娠時と比較し低下するのはどれか。
- ａ 心拍数
- ｂ 白血球数
- ｃ 糸球体濾過量
- ｄ インスリン抵抗性
- ｅ ヘマトクリット値"
C004,"法律とその内容の組合せで誤っているのはどれか。
|ａ|医療法|無診察治療の禁止|
|---|---|---|
|ｂ|児童福祉法|小児慢性特定疾患の医療費助成|
|ｃ|労働基準法|産前産後休業|
|ｄ|がん対策基本法|がん治療の均てん化|
|ｅ|労働者災害補償保険法|業務災害に関する給付|"
C005,"死産届が必要な妊娠週数は何週以降か。
|ａ|8|
|---|---|
|ｂ|12|
|ｃ|16|
|ｄ|20|
|ｅ|24|"
C006,"脈管の解剖で正しいのはどれか。
|ａ|総肝動脈と総胆管は伴走する。|
|---|---|
|ｂ|下腸間膜動脈は尿管に伴走する。|
|ｃ|脾動脈は腹腔動脈から分岐する。|
|ｄ|Glisson 鞘には肝動脈、肝静脈および胆管が存在する。|
|ｅ|上腸間膜静脈と下腸間膜静脈が合流して門脈を形成する。|"
C007,"脾腫の原因とならないのはどれか。
- ａ 肝硬変
- ｂ Rotor 症候群
- ｃ 日本住血吸虫症
- ｄ Budd-Chiari 症候群
- ｅ 特発性門脈圧亢進症"
C008,"局所振動による健康障害でみられるのはどれか。
- ａ Gottron 徴候
- ｂ Heberden 結節
- ｃ Osler 結節
- ｄ Raynaud 現象
- ｅ Romberg 徴候"
C009,"在宅勤務で正しいのはどれか。
- ａ 労働者は在宅勤務をする権利を有する。
- ｂ 在宅勤務中は健康診断を受診しなくてよい。
- ｃ 在宅勤務中の労働時間は労働者の裁量である。
- ｄ 在宅勤務中の負傷は労働災害補償の対象である。
- ｅ 在宅勤務は新型コロナウイルス感染症の流行によって始まった。"
C010,"特別支援学校の対象となる障害はどれか。
- ａ 自閉症
- ｂ 学習障害
- ｃ 言語障害
- ｄ 情緒障害
- ｅ 知的障害"
C011,"健康増進法で規定されていないのはどれか。
- ａ 健康日本 21
- ｂ 受動喫煙防止
- ｃ 食事摂取基準
- ｄ 定期予防接種
- ｅ 国民健康・栄養調査"
C012,"右 Babinski 徴候が陽性になるのはどれか。
- ａ 右大脳半球病変
- ｂ 左橋病変
- ｃ 右小脳病変
- ｄ 左頸髄病変
- ｅ 馬尾障害"
C013,"自我障害の訴えでないのはどれか。
- ａ 「自分の考えが他人に操られています」
- ｂ 「自分の考えが抜き取られてしまいます」
- ｃ 「自分の考えでない考えが勝手に浮かんできます」
- ｄ 「自分の考えが電波に乗って世界中に伝わっています」
- ｅ 「自分の考えなど取るに足らない価値のないものです」"
C014,"児の神経学的発達段階で誤っているのはどれか。
- ａ 1 か月で Moro 反射が認められる。
- ｂ 3 か月で寝返りをする。
- ｃ 7 か月で顔にタオルをかけるとすぐにタオルを取り除く。
- ｄ 10 か月でパラシュート反射が認められる。
- ｅ 12 か月で抱き上げて立位にし、前後左右に倒すと足を出して体を支えようとする。"
C015,"地域医療支援病院に求められる機能はどれか。
- ａ 高度医療技術の開発
- ｂ 地域住民の栄養改善
- ｃ 質の高い臨床研究の主導
- ｄ 難病患者の療養生活支援
- ｅ 地域の医療従事者に対する研修"
C016,"ワクチンによる予防効果がある癌はどれか。
- ａ 胃癌
- ｂ 肺癌
- ｃ 白血病
- ｄ 膀胱癌
- ｅ 子宮頸癌"
C018,"高齢者機能評価簡易版〈CGA7〉の項目に含まれないのはどれか。
- ａ 意欲
- ｂ 経済状況
- ｃ 認知機能
- ｄ 基本的 ADL
- ｅ 手段的 ADL"
C019,"定期的な治療を要する患者で保険診療における訪問診療の対象となる要件はどれか。
- ａ 認知症の患者
- ｂ 通院が困難な患者
- ｃ 独居の高齢の患者
- ｄ 胃瘻が造設されている患者
- ｅ 夜間に発熱した高齢の患者"
C020,"職業性の白内障と関係がある事業場はどれか。
- ａ 病院
- ｂ 印刷工場
- ｃ 縫製工場
- ｄ クリーニング工場
- ｅ コンビニエンスストア"
C021,"温度眼振（カロリックテスト）で機能評価できるのはどれか。
- ａ 外側半規管
- ｂ 外有毛細胞
- ｃ 球形囊
- ｄ 後半規管
- ｅ 卵形囊"
C022,"基準集団と対象集団の状況を表に示す。
| |基準集団|対象集団| | | | |
|---|---|---|---|---|---|---|
|年齢階級|人口|死亡数|死亡率|人口|死亡数|死亡率|
|0～14 歳|200,000|200|100.0|2,000|1|50.0|
|15～64 歳|600,000|900|150.0|4,000|4|100.0|
|65 歳～|200,000|600|300.0|4,000|8|200.0|
※死亡数は年間、死亡率は年間人口 10 万対である。
対象集団の標準化死亡比はどれか。
- ａ 65
- ｂ 76
- ｃ 110
- ｄ 130
- ｅ 170"
C024,"医療保護入院する患者への説明で適切なのはどれか。
- ａ 「弁護士と面会することはできません」
- ｂ 「入院中に任意入院に切り替えることはありません」
- ｃ 「入院治療が必要な理由や入院目的について自分で考えましょう」
- ｄ 「治療に納得いかない場合は精神医療審査会に申し立てができます」
- ｅ 「退院の希望があった場合は 72 時間以内に退院することができます」"
C025,"乳汁分泌を抑制するのはどれか。
- ａ スルピリド
- ｂ パロキセチン
- ｃ プレドニゾロン
- ｄ ブロモクリプチン
- ｅ メトクロプラミド"
C026,"染色体数の減少が原因となる疾患はどれか。
- ａ Down 症候群
- ｂ Klinefelter 症候群
- ｃ Marfan 症候群
- ｄ Prader-Willi 症候群
- ｅ Turner 症候群"
C027,"ある疾患への偏見・スティグマを軽減する医療者のアプローチで誤っているのはどれか。
- ａ 患者の話を傾聴する。
- ｂ 疾患に関する最新の知見を調べる。
- ｃ 患者の特徴を社会通念に従って類型化する。
- ｄ 自分が持っているかもしれない偏見に注意を向ける。
- ｅ 患者が排除されず社会に参画するための支援を検討する。"
C028,"摂取カロリーが約 80 kcal なのはどれか。
- ａ 鶏卵 1 個（約 50 g）
- ｂ 木綿豆腐 1 丁（約 300 g）
- ｃ 食パン 6 枚切り 1 枚（約 60 g）
- ｄ 米飯（炊飯後）茶碗 1 杯（約 160 g）
- ｅ ビール中ジョッキ 1 杯（約 570 mL）"
C029,"基準値に性差があるのはどれか。
- ａ 血清 Ca 値
- ｂ 血清 CRP 値
- ｃ 動脈血 PaO 2
- ｄ 血清アルブミン値
- ｅ 血中ヘモグロビン値"
C035,"51 歳の男性。左の下腹部から側腹部にかけての痛みを主訴に来院した。昨日の仕事中に軽度の左背部痛が出現したが、30 分で軽快した。本日午前 8 時ごろ電車で出勤中に、左の下腹部から側腹部にかけての強い痛みが突然出現したため受診した。来院の途中に悪心と嘔吐があった。意識は清明。体温 36.3 ℃。脈拍 80/分、整。血圧 158/94 mmHg。呼吸数 20/分。顔色は蒼白で冷汗を認める。腹部に反跳痛を認めない。左の肋骨脊柱角に叩打痛を認める。
尿所見：蛋白 1 ＋、糖（－）、潜血 3 ＋、沈渣に赤血球 15～30/ 1 視野、白血球 1～4/ 1 視野。
血液生化学所見：尿素窒素 23 mg/dL、クレアチニン 1.2 mg/dL、尿酸 8.6 mg/dL、Na 136 mEq/L、K 4.0 mEq/L、Cl 109 mEq/L、Ca 9.2 mg/dL。
腹部超音波検査で左水腎症、左腎結石および左尿管結石を認めるものの、腹部エックス線写真で石灰化陰影を認めない。
この患者で予測される結石成分はどれか。
- ａ 尿酸
- ｂ 炭酸カルシウム
- ｃ リン酸カルシウム
- ｄ シュウ酸カルシウム
- ｅ リン酸マグネシウムアンモニウム"
C038,"日齢 28 の女児。 1 か月健康診査のため産科診療所に両親に連れられて来院した。在胎 39 週、出生体重 2,850 g。日齢 1 から黄疸が増強したため光線療法を 3 日間実施した。日齢 6 の総ビリルビン 7.3 mg/dL、直接ビリルビン 0.1 mg/dL と改善を認めたため退院した。完全母乳栄養である。来院時体重 3,450 g。体温 36.8 ℃。脈拍 120/分、整。血圧 80/42 mmHg。呼吸数 32/分。SpO2 99 %（room air）。皮膚の軽度黄染を認める。眼球結膜に軽度黄染を認める。心音と呼吸音とに異常を認めない。肝を肋骨弓下に 2 cm 触知する。
# 血液所見
|赤血球|420 万|
|---|---|
|Hb|13.6 g/dL|
|白血球|9,600|
|血小板|24 万|
|PT-INR|1.0（基準 0.9～1.1）|
|APTT|30 秒（基準 32.2 秒）|
# 血液生化学所見
|総蛋白|5.7 g/dL|
|---|---|
|アルブミン|3.8 g/dL|
|総ビリルビン|6.6 mg/dL|
|直接ビリルビン|0.1 mg/dL|
|AST|35 U/L|
|ALT|32 U/L|
|尿素窒素|4.1 mg/dL|
|クレアチニン|0.2 mg/dL|
# 適切な対応はどれか。
- ａ 経過観察
- ｂ 交換輸血
- ｃ 光線療法
- ｄ 胆道ドレナージ
- ｅ 母乳栄養から人工栄養への変更"
C039,"13 歳の女子。全身倦怠感と階段昇降時の息切れとを主訴に来院した。 1 年前に初経が発来し、月経周期は不規則であった。 2 か月前から月経が持続している。身長 155 cm、体重 48 kg。体温 36.5 ℃。脈拍 100/分、整。血圧 98/56 mmHg。眼瞼結膜は貧血様である。胸部の聴診で胸骨左縁に Levine 2/6 の収縮期駆出性雑音を聴取する。呼吸音に異常を認めない。腹部は平坦、軟で、肝・脾を触知しない。
血液所見：赤血球 407 万、Hb 6.1 g/dL、Ht 24 %、白血球 7,100、血小板 42 万。血液生化学所見：総蛋白 7.1 g/dL、アルブミン 4.4 g/dL、総ビリルビン 0.5 mg/dL、AST 14 U/L、LD 152 U/L（基準 145～270）、尿素窒素 13 mg/dL、クレアチニン 0.49 mg/dL、Fe 7 μg/dL、総鉄結合能 487 μg/dL（基準 290～390）、フェリチン 3 ng/mL（基準 20～120）。診断後に鉄剤投与を開始した。
治療に反応して、最初に増加するのはどれか。
- ａ 血清鉄値
- ｂ 網赤血球数
- ｃ ヘモグロビン値
- ｄ 血清フェリチン値
- ｅ トランスフェリン飽和度"
C040,"身元不明の中年男性。30 分前に震度 7 の地震で倒壊した建物の下敷きになっているところを救出された。呼びかけに反応がない。呼吸数 32/分、浅い。毛細血管再充満時間は 3 秒。両側下腿は挫滅による大量の出血がある。末梢は冷感が著明である。被災地は広域であり、建物の下敷きになった負傷者が多数いる。
この患者につけるトリアージタッグの色で適切なのはどれか。
- ａ 緑
- ｂ 黄
- ｃ 赤
- ｄ 白
- ｅ 黒"
C041,"56 歳の男性。海外で多発している感染症 X に罹患していることを心配し検査目的で来院した。感染症 X が多発している国に半年間滞在し 2 週間前に帰国した。これまで特段の症状はないという。感染症 X の国外の発生動向および診断と治療に関する情報を入手したい。
入手先として適切なホームページを運営しているのはどれか。
|ａ|入国管理局|
|---|---|
|ｂ|国際協力機構〈JICA〉|
|ｃ|世界保健機関〈WHO〉|
|ｄ|救急医療情報センター|
|ｅ|地域医療支援センター|"
C042,"14 歳の女子。るいそう及び無月経のため入院中である。小学校の成績は良好であったが、教師と友人との人間関係に悩んでいた。中学校入学後、友人に体重増加を指摘されてから食事摂取を減らすようになった。その後、食事制限に加えて屋内でも多くの時間を立位で過ごしていた。 5 か月前から続発性無月経となり、 1 か月前から倦怠感を強く自覚するようになった。自己誘発性の嘔吐や下剤の乱用はない。入院後も食事摂取量は少なく、「太りたくない」と訴える。身長 148 cm、体重 28 kg。
この患者で認められる所見はどれか。
|ａ|高血糖|
|---|---|
|ｂ|低体温|
|ｃ|骨密度増加|
|ｄ|高カリウム血症|
|ｅ|高ナトリウム血症|"
C043,"36 歳の初産婦（ 1 妊 0 産）。妊娠 31 週 5 日、下腹部痛と性器出血のため救急車で搬入された。これまでの妊娠経過に異常はなかった。自宅で突然強い下腹部痛と性器出血を訴え、意識は清明だがぐったりしているため、家族が救急車を要請した。31 歳時に腹腔鏡下子宮筋腫核出術を受けている。身長 162 cm、体重 64 kg。意識レベルは JCSⅠ-1。体温 35.1 ℃。心拍数 116/分、整。血圧 76/54 mmHg。呼吸数 28/分。SpO2 98 %（リザーバー付マスク 10 L/分 2 酸素投与下）。心音と呼吸音とに異常を認めない。腹部は膨満している。静脈路の確保を行った。
直ちに行う検査で適切なのはどれか。
- ａ 頭部単純 CT
- ｂ 腹部造影 CT
- ｃ 腹部超音波検査
- ｄ 子宮動脈造影検査
- ｅ 胎児心拍数陣痛図〈CTG〉"
C044,"10 歳の男児。発熱および頭痛を主訴に両親に連れられて来院した。今朝から関節痛と悪寒とを自覚した。午後から頭痛および倦怠感が出現し、体温が 39 ℃台であったため受診した。関節痛および頭痛は持続している。意識は清明。身長 158 cm、体重 48 kg。体温 39.2 ℃。脈拍 96/分、整。血圧 128/74 mmHg。呼吸数 22/分。SpO2 98 %（room air）。項部硬直を認めない。心音と呼吸音とに異常を認めない。インフルエンザウイルス迅速抗原検査は陽性であった。
患者と家族への説明で適切なのはどれか。
- ａ 解熱後翌日から登校できる。
- ｂ 2 日以内は異常行動に留意する。
- ｃ 家族と接するときにマスクは必要ない。
- ｄ 口渇がなければ水分摂取の必要はない。
- ｅ 抗ウイルス薬は症状がある期間を 3 日間短縮する。"
C045,"38 歳の初妊婦（ 1 妊 0 産）。妊娠 34 週、妊婦健康診査のため来院した。妊娠 32 週までは特に異常を指摘されていない。既往歴に特記すべきことはない。体温 36.9 ℃。脈拍 80/分、整。血圧 152/100 mmHg。腹部は軟で子宮に圧痛を認めない。両下肢に浮腫を認める。尿所見：尿蛋白は 3 ＋。尿蛋白/Cr 比は 2.4 g/gCr。血液所見：Hb 11.0 g/dL、血小板 18 万。血液生化学所見：AST 15 U/L、ALT 10 U/L、LD 180 U/L（基準 124～222）。胎児心拍数陣痛図で、胎児は reassuring で子宮収縮は認めない。推定胎児体重は、1730 g（－1.5 SD）、臍帯血流に異常を認めない。
診断はどれか。
- ａ 妊娠高血圧
- ｂ HELLP 症候群
- ｃ 高血圧合併妊娠
- ｄ 妊娠高血圧腎症
- ｅ 加重型妊娠高血圧腎症"
C046,"43 歳の男性。いびきを主訴に来院した。 2 年前から睡眠時のいびきが大きく、時々息が止まると家族に指摘されている。日中の眠気を感じている。身長 172 cm、体重 95 kg。血圧 152/110 mmHg。咽頭の視診で軟口蓋しか観察できなかった。
診断に最も有用な検査はどれか。
- ａ 嚥下機能検査
- ｂ 気管支鏡検査
- ｃ 頭部エックス線撮影
- ｄ 発声機能検査
- ｅ ポリソムノグラフィー"
C047,"76 歳の男性。右胸痛を主訴に来院した。1 か月前から右前胸部痛を自覚し、8 日前から右顔面および右上肢の腫脹を伴うようになった。意識は清明。身長 159 cm、体重 52 kg。体温 35.9 ℃。脈拍 96/分、整。血圧 138/78 mmHg。呼吸数 20/分。SpO2 95 %（room air）。視診と触診とで右胸部から頸部および上肢にかけて浮腫と腫脹とを認める。血液生化学所見：CEA 75 ng/mL（基準 5 以下）。胸部エックス線写真で右上肺野縦隔側に腫瘤を認めた。胸腹部造影 CT で腫瘍による上大静脈の圧排、肝転移と左副腎転移を認めた。肺癌と診断され、右上肺野縦隔側腫瘤への放射線治療を行うこととした。
この患者に対する放射線治療で期待される効果はどれか。
- ａ 根治
- ｂ 症状の緩和
- ｃ 遠隔転移の縮小
- ｄ 殺細胞性薬の作用増強
- ｅ PD-L1 蛋白質発現減弱"
C048,"53 歳の男性。住宅ユニット製造工場の従事者。6 か月前に脳血管疾患に罹患した。退院後の外来リハビリテーションを終えて片麻痺の後遺症がある状態で、職場復帰について検討することになった。
職場復帰するために産業医が考慮すべきことはどれか。
- ａ 出張の制限
- ｂ 夜勤の制限
- ｃ 業務時間の制限
- ｄ 高所作業の制限
- ｅ 接客業務の制限"
C049,"48 歳の男性。高血糖を主訴に来院した。事務職であり毎年会社の健診を受けてきたが、異常を指摘されたことはなかった。今年の健診で初めて高血糖を指摘された。意識は清明。身長 170 cm、体重 76 kg。脈拍 64/分、整。血圧 134/86 mmHg。皮膚に異常を認めない。頭頸部と胸腹部とに異常を認めない。四肢に浮腫を認めない。
尿所見：蛋白（－）、糖（－）、ケトン体（－）。血液生化学所見：AST 28 U/L、ALT 42 U/L、空腹時血糖 128 mg/dL、HbA1c 6.7 %（基準 4.9～6.0）、総コレステロール 280 mg/dL、トリグリセリド 220 mg/dL、HDL コレステロール 34 mg/dL、尿素窒素 18 mg/dL、クレアチニン 0.7 mg/dL、Na 138 mEq/L、K 4.6 mEq/L、Cl 98 mEq/L。
この患者の病態の評価に有用な検査値はどれか。
- ａ インスリン
- ｂ グルカゴン
- ｃ コルチゾール
- ｄ 成長ホルモン〈GH〉
- ｅ 遊離サイロキシン〈FT4〉"
C051,"11 歳の男児。学校に行けないことを主訴に父親に連れられて来院した。乳幼児期の発達は順調だった。就学時から文字を書くことが苦手だったが、ひらがなとカタカナは書けており、成績も中等度を保っていた。小学 3 年生から漢字の書き取りのミスが目立つようになり、何度学習しても習得できなかった。黒板を書き写すのに時間がかかるため、最近は授業についていけなくなり、次第に登校できない日が増えている。友人関係におけるトラブルはない。
診断はどれか。
- ａ 知的発達障害
- ｂ 限局性学習障害
- ｃ 自閉スペクトラム症
- ｄ 注意欠如多動性障害
- ｅ 発達性協調運動障害"
C052,"56 歳の男性。高血圧症と糖尿病で治療中である。 1 年前に職場で管理職に昇進しストレスを感じるようになった。徐々に飲酒量と喫煙量が増え、体重が増加している。家庭血圧は収縮期血圧 140 mmHg 程度で推移している。インフルエンザワクチンの接種を予定している。喫煙は 30 本/日、飲酒は日本酒 2 合/日。身長 168 cm、体重 86 kg。尿所見：尿蛋白 2 ＋、糖＋。血液生化学所見：HbA1c 7.8 %（基準 4.9～6.0）、eGFR 40 mL/分/1.73 m2。
この患者で三次予防とならないのはどれか。
- ａ 禁 煙
- ｂ 禁 酒
- ｃ 運動療法
- ｄ 栄養療法
- ｅ 予防接種"
C053,"職員 500 人の工場内で X 工程に従事している職員の間で肝血管肉腫が多発しているという報告を産業医が受けた。10 年前の工場開設以来、職員の異動はなく同じ職場に継続して勤務している。直ちに全職員の肝血管肉腫検診を行うとともに人事記録を基に（A）X 工程に配置されていた職員 50 人と（B）X 工程に配置されたことがない職員 450 人の 2 グループを特定し、過去の健康診断結果および医療機関受診状況を確認した。（A）グループで 6 人が肝血管肉腫に罹患していたのに対し、（B）グループで 1 名が罹患していたことが明らかとなった。
実施した調査の研究デザインはどれか。
- ａ 症例対照研究
- ｂ 後向きコホート研究
- ｃ ケースシリーズ研究
- ｄ ランダム化比較試験
- ｅ メタ分析〈メタアナリシス〉"
C054,"40 歳の女性。帯下の増加を主訴に来院した。月経周期は 30 日型、整、持続 5 日間。 1 か月前から新しいパートナーと 2 人暮らし。身長 160 cm、体重 60 kg。体温 36.2 ℃。脈拍 72/分、整。内診で子宮は正常大、両側付属器に異常を認めない。腟鏡診で黄色泡沫状の帯下と腟壁の発赤とを認める。
診断に有用な検査はどれか。
- ａ 血清 TPHA
- ｂ 腟分泌物鏡検
- ｃ コルポスコピー
- ｄ 腟壁擦過細胞診
- ｅ 腟分泌物 Gram 染色"
C055,"34 歳の経産婦（ 2 妊 1 産）。妊娠 41 週 2 日、破水感を主訴に来院した。妊娠初期から妊婦健康診査を受けていたが、特に異常は指摘されていなかった。妊娠 41 週 2 日、午前 7 時に破水感を自覚したため午前 8 時に来院した。子宮収縮の自覚はなかった。腟鏡診にて少量の羊水の流出を認めた。内診で子宮口は 3 cm 開大、展退度は 60 %、硬度は中等度、児頭下降度は SP － 2 cm であった。入院管理とし、
1. 午後 2 時、 8 分ごとの規則的な子宮収縮が開始した。
2. 午後 7 時、子宮口は 10 cm 開大、展退度は 100 %。
3. その後、児頭は顔面を母体腹壁側へ向けるように回旋した。
4. 3 回の怒責で児頭が娩出し、続いて母体腹壁側の肩甲が、その後母体背中側の肩甲が娩出した。
5. 児娩出 9 分後に胎盤が娩出された。
下線部のうち、異常な分娩経過はどれか。
- ａ ①
- ｂ ②
- ｃ ③
- ｄ ④
- ｅ ⑤"
C056,"近隣住民から水道水の臭いについて保健所に相談があった。水道水の検査結果を調査したところ臭いに関する項目は基準値内であった。この水道の水源である河川の検査では、生物化学的酸素要求量〈BOD〉値が高値であった。その河川の上流には食品工場がある。
下線部①、②の検査基準の組合せで正しいのはどれか。
- ａ ①環境基準 ②排水基準
- ｂ ①許容基準 ②環境基準
- ｃ ①許容基準 ②排水基準
- ｄ ①水質基準 ②環境基準
- ｅ ①水質基準 ②排水基準"
C057,"昨日午後にかかりつけの医療機関を定期受診した大腸癌終末期の患者が、今朝自宅で心肺停止状態となった。かかりつけの医療機関に搬送されて死亡確認が行われ、直接死因は大腸癌の進行と考えられた。
家族が患者の解剖を希望した場合、適切な対応はどれか。
- ａ 行政解剖を行う。
- ｂ 系統解剖を行う。
- ｃ 司法解剖を行う。
- ｄ 病理解剖を行う。
- ｅ 解剖を実施しない。"
C060,"次の文を読み、60～62 の問いに答えよ。
78 歳の男性。嗄声を主訴に来院した。
# 現病歴
1 か月前に嗄声が出現した。 2 週間前から飲水時に咳嗽が出現するようになり自宅近くの診療所で鎮咳薬を処方された。咳嗽は改善せず、 3 日前から喀痰に血液が混じるようになった。
# 既往歴
3 年前に原発性肺癌のために右肺下葉切除術が施行され経過観察となっていた。 1 年前から自己判断で定期的な受診を中断していた。
# 生活歴
65 歳までは会社員。妻と 2 人暮らし。喫煙は 70 歳まで 20 本/日を 50 年間。飲酒はビール 350 mL/日。
# 家族歴
弟が 70 歳台で胃癌。
# 現症
意識は清明。身長 162 cm、体重 54 kg。体温 36.2 ℃。脈拍 72/分、整。血圧 124/72 mmHg。呼吸数 16/分。SpO2 98 %（room air）。眼瞼結膜と眼球結膜に異常を認めない。頸静脈の怒張は認めない。心音と呼吸音に異常を認めない。腹部は平坦、軟で、肝・脾を触知しない。
# 検査所見
尿所見：蛋白（－）、糖（－）、潜血（－）。血液所見：赤血球 380 万、Hb 13.8 g/dL、Ht 35 %、白血球 7,600、血小板 24 万。血液生化学所見：総蛋白 6.0 g/dL、アルブミン 3.0 g/dL、総ビリルビン 0.7 mg/dL、AST 25 U/L、ALT 19 U/L、LD 343 U/L（基準 124～222）、尿素窒素 24 mg/dL、クレアチニン 0.8 mg/dL。胸部エックス線写真で右第 1 弓の突出を認める。胸部造影 CT で縦隔リンパ節腫大を認めた。腹部造影 CT と骨シンチグラフィで異常を認めなかった。腫大した縦隔リンパ節に対して超音波内視鏡下に穿刺生検を施行し、肺腺癌術後のリンパ節再発と診断された。
# 60
次に行うべき検査はどれか。
- ａ 頭部造影 MRI
- ｂ 腹部造影 MRI
- ｃ 頸部超音波検査
- ｄ 肺動脈造影検査
- ｅ 肺血流シンチグラフィ"
C061,"次の文を読み、60～62 の問いに答えよ。
78 歳の男性。嗄声を主訴に来院した。
# 現病歴
1 か月前に嗄声が出現した。 2 週間前から飲水時に咳嗽が出現するようになり自宅近くの診療所で鎮咳薬を処方された。咳嗽は改善せず、 3 日前から喀痰に血液が混じるようになった。
# 既往歴
3 年前に原発性肺癌のために右肺下葉切除術が施行され経過観察となっていた。 1 年前から自己判断で定期的な受診を中断していた。
# 生活歴
65 歳までは会社員。妻と 2 人暮らし。喫煙は 70 歳まで 20 本/日を 50 年間。飲酒はビール 350 mL/日。
# 家族歴
弟が 70 歳台で胃癌。
# 現症
意識は清明。身長 162 cm、体重 54 kg。体温 36.2 ℃。脈拍 72/分、整。血圧 124/72 mmHg。呼吸数 16/分。SpO2 98 %（room air）。眼瞼結膜と眼球結膜に異常を認めない。頸静脈の怒張は認めない。心音と呼吸音に異常を認めない。腹部は平坦、軟で、肝・脾を触知しない。
# 検査所見
尿所見：蛋白（－）、糖（－）、潜血（－）。血液所見：赤血球 380 万、Hb 13.8 g/dL、Ht 35 %、白血球 7,600、血小板 24 万。血液生化学所見：総蛋白 6.0 g/dL、アルブミン 3.0 g/dL、総ビリルビン 0.7 mg/dL、AST 25 U/L、ALT 19 U/L、LD 343 U/L（基準 124～222）、尿素窒素 24 mg/dL、クレアチニン 0.8 mg/dL。胸部エックス線写真で右第 1 弓の突出を認める。胸部造影 CT で縦隔リンパ節腫大を認めた。腹部造影 CT と骨シンチグラフィで異常を認めなかった。腫大した縦隔リンパ節に対して超音波内視鏡下に穿刺生検を施行し、肺腺癌術後のリンパ節再発と診断された。
61 縦隔リンパ節の局所再発に対して化学放射線療法を施行した。その後、薬剤性肺障害による呼吸不全をきたし、気管挿管による人工呼吸療法となった。薬剤性肺障害に対して治療を継続したが、呼吸状態の改善がみられない。14 日経過後も長期間の人工呼吸療法が必要な状態である。
この時点での呼吸管理で適切な処置はどれか。
- ａ 気管切開術
- ｂ ECMO 導入
- ｃ 声門上器具挿入
- ｄ 経鼻エアウェイ挿入
- ｅ 非侵襲的陽圧換気〈NPPV〉導入"
C063,"この患者の大腸に何らかの病変がある検査前確率（事前確率）を 20 % としたとき、便潜血反応陽性であった場合の検査後確率に最も近いのはどれか。 ただし、便潜血反応の感度は 80 %、特異度は 90 % とする。
- ａ 33 %
- ｂ 53 %
- ｃ 57 %
- ｄ 67 %
- ｅ 97 %"
C064,"便潜血反応陽性であったため下部消化管内視鏡検査を行うこととした。この患者への検査当日の前処置で適切なのはどれか。
- ａ 下半身を除毛する。
- ｂ 肛門周囲を消毒する。
- ｃ 腸管洗浄液を内服する。
- ｄ バリウムを内服する。
- ｅ ホルマリンを注腸する。"
C067,"次の文を読み、66～68 の問いに答えよ。
61 歳の男性。交通外傷のため救急車で搬入された。
現病歴　：　乗用車で走行中に塀に衝突し腹部を強打し動けない状態だった。シート
ベルトを装着しておりエアバッグが作動していた。目撃者が救急車を要請した。
既往歴　：　虚血性心疾患で抗血小板薬を服用している。
生活歴　：　飲酒は機会飲酒。
家族歴　：　父と兄が高血圧症で治療中である。
現　症　：　意識は清明。身長 162 cm、体重 54 kg。体温 37.0 ℃。心拍数 112/分、
整。血圧 80/44 mmHg。呼吸数 26/分。SpO2 98 %（リザーバー付マスク 10 L/分　酸素投与下）。皮膚は四肢に冷汗と湿潤を認める。眼瞼結膜と眼球結膜とに異常を
認めない。口腔内は乾燥している。頸静脈の怒張を認めない。心音と呼吸音とに異
常を認めない。腹部は膨満しており、肝・脾を触知しない。腸雑音は減弱してい
る。
検査所見　：　血液所見：赤血球 410 万、Hb 10.1 g/dL、Ht 40 %、白血球 10,300
（好中球 75 %、好酸球 1 %、好塩基球 1 %、単球 6 %、リンパ球 17 %）、血小板 32
万。血液生化学所見：総蛋白 7.2 g/dL、アルブミン 4.0 g/dL、総ビリルビン 0.9
mg/dL、直接ビリルビン 0.2 mg/dL、AST 65 U/L、ALT 34 U/L、LD 177 U/L（基
準 124～222）、ALP 55 U/L（基準 38～113）、γ-GT 32 U/L（基準 13～64）、アミラー
ゼ 130 U/L（基準 44～132）、CK 382 U/L（基準 59～248）、尿素窒素 22 mg/dL、ク
レアチニン 0.6 mg/dL、尿酸 6.2 mg/dL、血糖 228 mg/dL、HbA1c 5.8 %（基準
4.9～6.0）、Na 142 mEq/L、K 4.4 mEq/L、Cl 97 mEq/L。その後、頭頸部単純 CT では異常を認めなかった。胸腹部造影 CT では脾臓損
傷、脾臓内および周囲の造影剤血管外漏出像、腹腔内遊離ガス及び腹腔内液体貯留
を認めた。気管挿管を行い、緊急手術を予定した。
術前の対応で誤っているのはどれか。
ａ　低体温にする。
ｂ　輸血を準備する。
ｃ　抗菌薬を投与する。
ｄ　血液凝固検査を行う。
ｅ　動脈血ガス分析を行う。"
C068,"次の文を読み、66～68 の問いに答えよ。
61 歳の男性。交通外傷のため救急車で搬入された。
現病歴　：　乗用車で走行中に塀に衝突し腹部を強打し動けない状態だった。シート
ベルトを装着しておりエアバッグが作動していた。目撃者が救急車を要請した。
既往歴　：　虚血性心疾患で抗血小板薬を服用している。
生活歴　：　飲酒は機会飲酒。
家族歴　：　父と兄が高血圧症で治療中である。
現　症　：　意識は清明。身長 162 cm、体重 54 kg。体温 37.0 ℃。心拍数 112/分、
整。血圧 80/44 mmHg。呼吸数 26/分。SpO2 98 %（リザーバー付マスク 10 L/分　酸素投与下）。皮膚は四肢に冷汗と湿潤を認める。眼瞼結膜と眼球結膜とに異常を
認めない。口腔内は乾燥している。頸静脈の怒張を認めない。心音と呼吸音とに異
常を認めない。腹部は膨満しており、肝・脾を触知しない。腸雑音は減弱してい
る。
検査所見　：　血液所見：赤血球 410 万、Hb 10.1 g/dL、Ht 40 %、白血球 10,300
（好中球 75 %、好酸球 1 %、好塩基球 1 %、単球 6 %、リンパ球 17 %）、血小板 32
万。血液生化学所見：総蛋白 7.2 g/dL、アルブミン 4.0 g/dL、総ビリルビン 0.9
mg/dL、直接ビリルビン 0.2 mg/dL、AST 65 U/L、ALT 34 U/L、LD 177 U/L（基
準 124～222）、ALP 55 U/L（基準 38～113）、γ-GT 32 U/L（基準 13～64）、アミラー
ゼ 130 U/L（基準 44～132）、CK 382 U/L（基準 59～248）、尿素窒素 22 mg/dL、ク
レアチニン 0.6 mg/dL、尿酸 6.2 mg/dL、血糖 228 mg/dL、HbA1c 5.8 %（基準
4.9～6.0）、Na 142 mEq/L、K 4.4 mEq/L、Cl 97 mEq/L。8 小腸、腸間膜および脾臓の損傷に対して小腸切除と脾臓摘出を行った。小腸は浮
腫が認められたが、閉腹は可能であった。ICU 入室後、心拍数 68/分、血圧 132/76
mmHg まで改善した。動脈血ガス分析（調節呼吸、FIO2 0.3）は pH 7.40、PaCO2 35
Torr、PaO2 180 Torr、HCO3
－ 21 mEq/L、BE -6 mEq/L であった。
この段階で腹部コンパートメント症候群を評価するために腹腔内圧をモニターす
る際、最も有用な測定部位はどれか。
ａ　胸　腔
ｂ　食　道
ｃ　頭蓋内
ｄ　動脈内
ｅ　膀　胱"
C069,"次の文を読み、69～71 の問いに答えよ。
72 歳の女性。物忘れのため心配した夫に伴われて来院した。
現病歴　：　1 年前から、時折、財布の中にある金額があわないと訴えることがあっ
た。半年前から「家に知らない子どもが遊びに来ているが、挨拶をしてくれない」と
いう発言を繰り返すようになった。物忘れが徐々に悪化するため受診した。気分の
落ち込みはなく、趣味のガーデニングは楽しめている。睡眠障害と睡眠中の行動異
常を認めない。夫によると、知らない子どもが家に遊びに来たことはないという。
既往歴　：　25 歳時に異所性妊娠で手術。
生活歴　：　喫煙歴はない。飲酒は機会飲酒。夫と同居。車で 30 分の距離に長女夫
婦が住んでいる。
家族歴　：　父親は肺炎、母親は脳梗塞で死亡。
現　症　：　意識は清明。意思疎通は可能で、礼節は保たれている。身長 157 cm、
体重 52 kg。体温 36.2 ℃。脈拍 88/分、整。血圧 132/76 mmHg。呼吸数 12/分。
心音と呼吸音とに異常を認めない。腹部に異常を認めない。歩行は前傾姿勢で、歩
幅はやや小刻みである。脳神経系に異常を認めない。四肢筋力は正常だが、四肢に
歯車様筋強剛を認める。腱反射は正常で、運動失調、感覚障害を認めない。
検査所見　：　尿 所 見：蛋 白（－）、糖（－）。血 液 所 見：赤 血 球 438 万、Hb 13.2
g/dL、Ht 40 %、白血球 5,800、血小板 18 万。血液生化学所見：AST 26 U/L、
ALT 18 U/L、LD 162 U/L（基準 124～222）、γ-GT 16 U/L（基準 9 ～32）、アンモニ
ア 22 μg/dL（基準 18～48）、尿素窒素 16 mg/dL、クレアチニン 0.7 mg/dL、血糖
96 mg/dL、Na 142 mEq/L、K 4.2 mEq/L、Cl 98 mEq/L。CRP 0.1 mg/dL。頭部
単純 MRI では大脳皮質の萎縮を認める。
35 DKIX-01-CH-41
69 この患者に行う検査で最も適切なのはどれか。
ａ　Rorschach テスト
ｂ　標準型失語症検査〈SLTA〉
ｃ　改訂長谷川式簡易知能評価スケール
ｄ　日本版 Denver 式発達スクリーニング検査
ｅ　Hamilton うつ病評価尺度〈Hamilton Rating Scale for Depression〉"
C070,"次の文を読み、69～71 の問いに答えよ。
72 歳の女性。物忘れのため心配した夫に伴われて来院した。
現病歴　：　1 年前から、時折、財布の中にある金額があわないと訴えることがあっ
た。半年前から「家に知らない子どもが遊びに来ているが、挨拶をしてくれない」と
いう発言を繰り返すようになった。物忘れが徐々に悪化するため受診した。気分の
落ち込みはなく、趣味のガーデニングは楽しめている。睡眠障害と睡眠中の行動異
常を認めない。夫によると、知らない子どもが家に遊びに来たことはないという。
既往歴　：　25 歳時に異所性妊娠で手術。
生活歴　：　喫煙歴はない。飲酒は機会飲酒。夫と同居。車で 30 分の距離に長女夫
婦が住んでいる。
家族歴　：　父親は肺炎、母親は脳梗塞で死亡。
現　症　：　意識は清明。意思疎通は可能で、礼節は保たれている。身長 157 cm、
体重 52 kg。体温 36.2 ℃。脈拍 88/分、整。血圧 132/76 mmHg。呼吸数 12/分。
心音と呼吸音とに異常を認めない。腹部に異常を認めない。歩行は前傾姿勢で、歩
幅はやや小刻みである。脳神経系に異常を認めない。四肢筋力は正常だが、四肢に
歯車様筋強剛を認める。腱反射は正常で、運動失調、感覚障害を認めない。
検査所見　：　尿 所 見：蛋 白（－）、糖（－）。血 液 所 見：赤 血 球 438 万、Hb 13.2
g/dL、Ht 40 %、白血球 5,800、血小板 18 万。血液生化学所見：AST 26 U/L、
ALT 18 U/L、LD 162 U/L（基準 124～222）、γ-GT 16 U/L（基準 9 ～32）、アンモニ
ア 22 μg/dL（基準 18～48）、尿素窒素 16 mg/dL、クレアチニン 0.7 mg/dL、血糖
96 mg/dL、Na 142 mEq/L、K 4.2 mEq/L、Cl 98 mEq/L。CRP 0.1 mg/dL。頭部
単純 MRI では大脳皮質の萎縮を認める。0 この患者に適切な薬剤はどれか。
ａ　ドネペジル
ｂ　メラトニン
ｃ　クロナゼパム
ｄ　パロキセチン
ｅ　ハロペリドール"
C071,"次の文を読み、69～71 の問いに答えよ。
72 歳の女性。物忘れのため心配した夫に伴われて来院した。
現病歴　：　1 年前から、時折、財布の中にある金額があわないと訴えることがあっ
た。半年前から「家に知らない子どもが遊びに来ているが、挨拶をしてくれない」と
いう発言を繰り返すようになった。物忘れが徐々に悪化するため受診した。気分の
落ち込みはなく、趣味のガーデニングは楽しめている。睡眠障害と睡眠中の行動異
常を認めない。夫によると、知らない子どもが家に遊びに来たことはないという。
既往歴　：　25 歳時に異所性妊娠で手術。
生活歴　：　喫煙歴はない。飲酒は機会飲酒。夫と同居。車で 30 分の距離に長女夫
婦が住んでいる。
家族歴　：　父親は肺炎、母親は脳梗塞で死亡。
現　症　：　意識は清明。意思疎通は可能で、礼節は保たれている。身長 157 cm、
体重 52 kg。体温 36.2 ℃。脈拍 88/分、整。血圧 132/76 mmHg。呼吸数 12/分。
心音と呼吸音とに異常を認めない。腹部に異常を認めない。歩行は前傾姿勢で、歩
幅はやや小刻みである。脳神経系に異常を認めない。四肢筋力は正常だが、四肢に
歯車様筋強剛を認める。腱反射は正常で、運動失調、感覚障害を認めない。
検査所見　：　尿 所 見：蛋 白（－）、糖（－）。血 液 所 見：赤 血 球 438 万、Hb 13.2
g/dL、Ht 40 %、白血球 5,800、血小板 18 万。血液生化学所見：AST 26 U/L、
ALT 18 U/L、LD 162 U/L（基準 124～222）、γ-GT 16 U/L（基準 9 ～32）、アンモニ
ア 22 μg/dL（基準 18～48）、尿素窒素 16 mg/dL、クレアチニン 0.7 mg/dL、血糖
96 mg/dL、Na 142 mEq/L、K 4.2 mEq/L、Cl 98 mEq/L。CRP 0.1 mg/dL。頭部
単純 MRI では大脳皮質の萎縮を認める。この患者の今後について、アドバンス・ケア・プランニング〈ACP〉を行う方針
となった。
誤っているのはどれか。
ａ　多職種で支援する。
ｂ　患者より夫の意向を優先する。
ｃ　話し合った内容を記録に残す。
ｄ　患者が話しやすい環境を整える。
ｅ　患者の意思を繰り返し確認する。"
C072,"次の文を読み、72～74 の問いに答えよ。
78 歳の男性。意識混濁のため救急車で搬入された。
現病歴　：　8 年前の健康診断で高血糖を指摘されたが、そのままにしていた。半年
前から体重が 10 kg 以上減少した。口渇を自覚し疲れやすくなったため、ジュース
や栄養ドリンクをよく飲むようになった。 2 日前から微熱と倦怠感の訴えがあり、
一日中ベッドで横になっていた。本日、家族の呼びかけに応答しなくなったため家
族が救急車を要請した。
既往歴　：　25 歳時に肝炎。
生活歴　：　喫煙歴はない。飲酒は機会飲酒。
家族歴　：　長男が糖尿病で治療中である。
現　症　：　意識レベルは JCSⅡ-10。身長 168 cm、体重 51 kg。体温 37.2 ℃。心拍
数 92/分、整。血圧 100/64 mmHg。呼吸数 16/分。SpO2 98 %（room air）。対光反
射は両側ともに迅速である。咽頭は腫脹や発赤を認めない。頸静脈の怒張を認めな
い。心音と呼吸音とに異常を認めない。腹部は平坦、軟で、肝・脾を触知しない。
腸雑音を聴取しない。腱反射は低下している。
検査所見　：　尿所見：蛋白（－）、糖 4 ＋、ケトン体（－）、潜血（－）。血液所見：赤
血球 552 万、Hb 15.0 g/dL、Ht 48 %、白血球 10,600、血小板 35 万。血液生化学
所見：総蛋白 8.2 g/dL、アルブミン 4.0 g/dL、総ビリルビン 1.0 mg/dL、直接ビ
リルビン 0.2 mg/dL、AST 38 U/L、ALT 40 U/L、LD 208 U/L（基準 124～222）、
ALP 112 U/L（基準 38～113）、γ-GT 84 U/L（基準 13～64）、アミラーゼ 120 U/L（基
準 44～132）、CK 162 U/L（基準 59～248）、尿素窒素 42 mg/dL、クレアチニン 1.8
mg/dL、尿酸 10.8 mg/dL、血糖 936 mg/dL、HbA1c 13.0 %（基準 4.9～6.0）、総
コレステロール 262 mg/dL、トリグリセリド 280 mg/dL、血清総ケトン体 150
μmol/L（基準 130 以下）、Na 137 mEq/L、K 5.0 mEq/L、Cl 102 mEq/L。CRP 0.5
mg/dL。12 誘導心電図で異常を認めない。胸部エックス線写真で心胸郭比 46 %。
72 この患者で認める可能性の高い身体所見はどれか。
ａ　眼球陥凹
ｂ　手指振戦
ｃ　下腿の圧痕性浮腫
ｄ　呼気のアセトン臭
ｅ　足母趾基部の発赤腫脹"
D001,"前庭神経炎で正しいのはどれか。
ａ　再発することが多い。
ｂ　垂直性の眼振を認める。
ｃ　頭痛をともなう。
ｄ　難聴をともなう。
ｅ　吐き気をともなう。"
D002,"ウイルス発見以後、アフリカ各地で流行が繰り返されてきた。感染者の体液に触
れるとウイルスが傷口や粘膜から体内に入り感染する。発熱、倦怠感、頭痛、筋肉
痛と咽頭痛などに続いて嘔吐や下痢が出現する。病状回復後も精液内にウイルスが
残存することがある。過去の流行における平均の致死率は約 50 % である。
このウイルスはどれか。
ａ　エボラウイルス
ｂ　ジカウィルス
ｃ　新型コロナウィルス
ｄ　デングウイルス
ｅ　ポリオウイルス"
D003,"電気ショックが直ちに必要な心電図所見はどれか。
ａ　心静止
ｂ　心房細動
ｃ　無脈性心室頻拍
ｄ　完全房室ブロック
ｅ　無脈性電気活動〈PEA〉"
D004,"小児のチック症で正しいのはどれか。
ａ　男性に多い。
ｂ　思春期に好発する。
ｃ　緩徐な運動症状が多い。
ｄ　症状は睡眠時に多くみられる。
ｅ　生涯にわたり症状が続くことが多い。"
D005,"成人の鼠径ヘルニアで正しいのはどれか。
ａ　高齢女性に多い。
ｂ　外ヘルニアである。
ｃ　内鼠径ヘルニアの頻度が高い。
ｄ　腹膜鞘状突起の閉鎖不全が原因である。
ｅ　開腹手術の既往はリスクファクターである。"
D006,"成人男性の急性腎盂腎炎をきたす原因で最も頻度が高いのはどれか。
ａ　性感染症
ｂ　過活動膀胱
ｃ　糖尿病腎症
ｄ　間質性膀胱炎
ｅ　尿管嵌頓結石"
D007,"我が国において、血液透析に比較して腹膜透析で正しいのはどれか。
ａ　患者数は少ない。
ｂ　食事制限は厳しい。
ｃ　自宅での施行は困難である。
ｄ　動静脈シャント造設を要する。
ｅ　不均衡症候群を起こしやすい。"
D008,"急性呼吸窮迫症候群〈ARDS〉の病態で正しいのはどれか。
ａ　気道抵抗低下
ｂ　肺血管抵抗低下
ｃ　肺内シャント減少
ｄ　肺コンプライアンス増加
ｅ　肺サーファクタント減少"
D009,"原発性硬化性胆管炎に合併することが多いのはどれか。
ａ　虚血性腸炎
ｂ　偽膜性腸炎
ｃ　大腸憩室炎
ｄ　潰瘍性大腸炎
ｅ　過敏性腸症候群"
D010,"眼窩吹き抜け骨折で起こりにくいのはどれか。
ａ　複　視
ｂ　鼻出血
ｃ　嗅覚障害
ｄ　眼球上転障害
ｅ　頰部知覚障害"
D011,"重症複合免疫不全症で正しいのはどれか。
ａ　全身のリンパ節が腫大する。
ｂ　ウィルスへの免疫は保たれる。
ｃ　顕性遺伝（優性遺伝）の形式をとる。
ｄ　血清免疫グロブリンは正常範囲である。
ｅ　生後間もなくから体重増加は不良となる。"
D018,"32 歳の女性（ 0 妊 0 産）。無月経を主訴に来院した。初経は 13 歳。月経周期は順
調であったが、29 歳から月経不順があり、31 歳から無月経となり産婦人科を受診
した。 6 か月前から頭痛を自覚し、 2 か月前から頭痛の頻度と強さが増加した。身
長 165 cm、体重 55 kg。体温 36.3 ℃。脈拍 64/分、整。血圧 120/67 mmHg。呼吸
数 18/分。乳房は発達している。外性器は女性型で、陰毛・腋毛を認める。血液所
見：赤血球 350 万、Hb 12.1 g/dL、Ht 33 %、白血球 3,700、血小板 31 万。血液生
化学所見：TSH 2.3 μU/mL（基準 0.2～4.0）、プロラクチン 125 ng/mL（基準 15 以
下）、hCG＜0.5 IU/L（基準 1.0 以下）。経腟超音波検査で子宮の大きさは正常だが
子宮内膜は薄い。卵巣は正常大で、内部に小卵胞を認める。
次に行うべき画像検査はどれか。
ａ　腹部 CT
ｂ　FDG-PET
ｃ　下垂体 MRI
ｄ　マンモグラフィ
ｅ　甲状腺超音波検査"
D019,"73 歳の女性。筋力低下と嚥下困難を主訴に来院した。 2 か月前から階段昇降が
困難になり、 1 か月前から布団の上げ下ろしができなくなった。 2 週間前から上眼
瞼の浮腫および全身の紅斑が出現し、 7 日前からむせのため食事摂取が困難になっ
たため受診した。意識は清明。身長 154 cm、体重 40 kg。体温 37.5 ℃。脈拍
96/分、整。血圧 134/70 mmHg。呼吸数 16/分。SpO2 97 %（room air）。上眼瞼に
淡い浮腫性紅斑および両手指の関節背面に紅色丘疹を認める。両耳介、前頸部、背
部、上肢伸側および臀部外側に紅斑を認める。心音と呼吸音とに異常を認めない。
表在リンパ節腫大を認めない。四肢近位筋に対称性筋力低下を認める。四肢に感覚
異常を認めない。尿所見に異常を認めない。血液所見：赤血球 372 万、Hb 11.3
g/dL、Ht 33 %、白血球 5,900（好中球 75 %、好酸球 1 %、単球 12 %、リンパ球
12 %）、血小板 26 万。血液生化学所見：総蛋白 5.6 g/dL、アルブミン 3.0 g/dL、
AST 108 U/L、 ALT 79 U/L、 LD 628 U/L（基 準 124～222）、 γ-GT 30 U/L（基 準
9 ～32）、CK 1,620 U/L（基準 41～153）、尿素窒素 12 mg/dL、クレアチニン 0.4
mg/dL、血 糖 111 mg/dL、TSH 3.8 μU/mL（基 準 0.2～4.0）、FT3 2.7 pg/mL（基
準 2.3～4.3）、FT4 1.1 ng/dL（基準 0.8～2.2）。免疫血清学所見：CRP 0.8 mg/dL、
抗 TIF1-γ 抗体陽性。胸部エックス線写真に異常を認めない。
この患者で最も注意すべき合併症はどれか。
ａ　肝不全
ｂ　悪性腫瘍
ｃ　間質性肺炎
ｄ　急性腎障害
ｅ　膀胱直腸障害"
D020,"80 歳の女性。脳梗塞後、誤嚥性肺炎で入院となった。抗菌薬を 7 日間投与した。
肺炎は軽快傾向にあるが、 1 日 10 回以上の水様性下痢が出現した。意識は清明。
身長 154 cm、体重 43 kg。体温 37.3 ℃。脈拍 72/分、整。血圧 136/80 mmHg。呼
吸数 18/分。SpO2 97 %（room air）。心音と呼吸音とに異常を認めない。腹部は平
坦で、下腹部に軽い圧痛あり。血液所見：赤血球 380 万、Hb 11.0 g/dL、白血球
10,100、血小板 21 万。血液生化学所見：総蛋白 7.3 g/dL、アルブミン 3.9 g/dL、
総ビリルビン 0.8 mg/dL、AST 30 U/L、ALT 35 U/L、LD 140 U/L（基準 124～
222）、γ-GT 30 U/L（基準 9 ～32）、アミラーゼ 100 U/L（基準 44～132）、尿素窒素
12 mg/dL、クレアチニン 0.8 mg/dL、血糖 98 mg/dL。CRP 1.2 mg/dL。腹部エッ
クス線写真で異常を認めない。
この時点で実施すべき検査はどれか。
ａ　便潜血
ｂ　便培養
ｃ　尿素呼気試験
ｄ　便中 CD トキシン
ｅ　α1 アンチトリプシン試験"
D022,"65 歳の男性。健康診査の腹部超音波検査で異常を指摘され来院した。 2 年前の
健康診査で肝機能異常を指摘されていたが、自覚症状はないため検査は受けていな
い。既往歴に特記すべきことはない。自営業。喫煙歴は 20 本/日を 20 年間。飲酒
はビール 350 mL/週を 45 年間。母親が肝癌で死亡。身長 170 cm、体重 70 kg。脈
拍 96/分、整。血圧 144/90 mmHg。心音と呼吸音とに異常を認めない。腹部は右
季肋下に肝を 2 cm 触知する。血液生化学所見：総ビリルビン 0.8 mg/dL、
AST 90 U/L、ALT 85 U/L、γ-GT 60 U/L（基準 13～64）、空腹時血糖 98 mg/dL、
HbA1c 5.6 %（基準 4.9～6.0）、トリグリセリド 160 mg/dL、HDL コレステロール
36 mg/dL、α-フェトプロテイン〈AFP〉160,000 ng/mL（基準 20 以下）。免疫血清
学所見：HBs 抗原陰性、①HCV 抗体陽性。②ICG 試験（15 分値）8 %（基準 10 以
下）。胸腹部造影 CT で肝右葉前区域に③肝内転移 1 個を伴う④径 5 cm の肝細胞
癌を認め、⑤両側肺への転移を認めた。
この患者で肝細胞癌切除手術を適応外と判断する根拠はどれか。
ａ　①
ｂ　②
ｃ　③
ｄ　④
ｅ　⑤"
D023,"25 歳の男性。左頰部の痛みと鼻汁を主訴に来院した。5 日前から感冒症状があっ
た。 3 日前に左頰部の痛みを自覚し左鼻腔から膿性鼻汁が出現した。左頰部の痛み
が増強したため来院した。体温 37.2 ℃。頰部の皮膚に発赤および腫脹を認めな
い。鼻鏡検査で左鼻腔内に膿性鼻汁を認めた。
診断はどれか。
ａ　鼻せつ
ｂ　三叉神経痛
ｃ　急性副鼻腔炎
ｄ　頰部蜂窩織炎
ｅ　アレルギー性鼻炎"
D024,"30 歳の女性。食後の胃もたれを主訴に来院した。高校生の頃から食後の胃もた
れを自覚するようになった。大学受験や就職直後に症状が増強することがあった。
3 か月前から週 3 回と頻度が増えたため受診した。体重減少や発熱はない。既往歴
や家族歴に特記すべきことはない。身長 160 cm、体重 56 kg。体温 36.2 ℃。脈拍
64/分、整。血圧 120/70 mmHg。眼瞼結膜と眼球結膜とに異常を認めない。心音
と呼吸音とに異常を認めない。腹部は平坦、軟で、圧痛を認めない。血液所見：赤
血球 468 万、Hb 13.9 g/dL、Ht 42 %、白血球 5,300、血小板 21 万。血液生化学所
見：総蛋白 7.8 g/dL、アルブミン 4.3 g/dL、総ビリルビン 0.9 mg/dL、AST 22
U/L、ALT 16 U/L、LD 180 U/L（基 準 124～222）、ALP 80 U/L（基 準 38～113）、
γ-GT 21 U/L（基 準 9 ～32）、ア ミ ラ ー ゼ 92 U/L（基 準 44～132）、尿 素 窒 素 12
mg/dL、クレアチニン 0.6 mg/dL。CRP 0.1 mg/dL。尿素呼気試験は陰性。上部
消化管内視鏡検査では異常を認めない。
この患者に対する治療で用いられないのはどれか。
ａ　漢方薬
ｂ　NSAID
ｃ　抗うつ薬
ｄ　酸分泌抑制薬
ｅ　消化管運動調節薬"
D033,"23 歳の男性。職場に行けないことを主訴に来院した。 2 か月前に商品発注のミ
スで取引先の会社から苦情を受け上司からも強く叱責された。その後、気分が晴れ
ず、仕事に前向きになれない。夜は仕事のことが頭から離れず寝つきが悪くなった
が、休日には趣味のサークル活動を以前と変わらず楽しめていた。 1 週間前から、
朝会社に行こうとすると動悸がするようになり休んでいる。既往歴と家族歴に特記
すべきことはない。受診後、自宅療養することとなり動悸は軽快した。また、会社
から上司が叱責したことへの謝罪を受け、取引先を変更してもらったところ、 3 か
月後から復職が可能となった。
診断はどれか。
ａ　うつ病
ｂ　社交不安障害
ｃ　概日リズム障害
ｄ　適応障害〈適応反応症〉
ｅ　心的外傷後ストレス障害"
D036,"15 歳の女子。体重減少を心配した母親に伴われて来院した。 3 か月前から体重
が 5 kg 減少した。意識は清明。身長 157 cm、体重 38 kg。体温 36.8 ℃。脈拍
120/分、整。血圧 126/68 mmHg。呼吸数 24/分。SpO2 99 %（room air）。皮膚は湿
潤。前頸部の腫脹を認める。心音と呼吸音とに異常を認めない。腹部は平坦、軟
で、肝・脾を触知しない。下腿に浮腫を認めない。軽度の手指振戦を認める。血液
所見：赤血球 450 万、Hb 12.7 g/dL、Ht 38 %、白血球 6,800、血小板 26 万。血液
生化学所見：総蛋白 6.8 g/dL、アルブミン 3.6 g/dL、総ビリルビン 0.9 mg/dL、
AST 26 U/L、ALT 27 U/L、LD 220 U/L（基準 124～222）、尿素窒素 16 mg/dL、
クレアチニン 0.4 mg/dL、尿酸 4.5 mg/dL、空腹時血糖 96 mg/dL、HbA1c 5.0 %
（基準 4.9～6.0）、総コレステロール 122 mg/dL、トリグリセリド 140 mg/dL、Na
140 mEq/L、K 4.0 mEq/L、Cl 99 mEq/L。CRP 0.3 mg/dL。
診断に必要な検査はどれか。
ａ　頭部 MRI
ｂ　抗 GAD 抗体
ｃ　アルギニン負荷試験
ｄ　手根骨エックス線撮影
ｅ　遊離サイロキシン〈FT4〉"
D038,"56 歳の女性。腰背部および四肢の痛みを主訴に来院した。 5 年前から腰背部お
よび四肢の痛みが出現した。半年前に夫が肺癌で死去。その頃から痛みが悪化し、
自宅近くの診療所で処方された NSAID を内服したが改善しないため受診した。最
近、就寝中に下肢の痛がゆい不快な感覚があり動かすと消失する。体重に増減はな
い。体温 36.2 ℃。脈拍 80/分、整。血圧 120/76 mmHg。手指遠位指節間関節や近
位指節間関節に骨棘を触れる。全身の関節に圧痛を認めるが、腫脹を認めない。両
側僧帽筋上縁中央部や臀部上外側を含め体幹や四肢の広い範囲で、触診時に顔をし
かめるような仏痛反応を認める。脊椎の可動域に異常を認めない。四肢体幹の筋力
低下を認めない。四肢に運動感覚障害を認めない。尿所見に異常を認めない。赤沈
8 mm/ 1 時間。血液所見：赤血球 425 万、Hb 12.8 g/dL、Ht 40 %、白血球 4,200、
血小板 19 万。血液生化学所見：総蛋白 7.0 g/dL、AST 21 U/L、ALT 16 U/L、
LD 140 U/L（基準 124～222）、尿素窒素 10 mg/dL、クレアチニン 0.4 mg/dL、CK
48 U/L（基 準 41～153）、TSH 3.5 μU/mL（基 準 0.2～4.0）、コ ル チ ゾ ー ル 12.4
μg/dL（基準 5.2～12.6）。免疫血清学所見：CRP 0.1 mg/dL、リウマトイド因子
〈RF〉陰性、抗核抗体陰性。
この患者の全身の仏痛の原因はどれか。
ａ　脊椎関節炎
ｂ　線維筋痛症
ｃ　関節リウマチ
ｄ　変形性関節症
ｅ　リウマチ性多発筋痛症"
D039,"歳の男児。テーブルに置かれていた加熱式たばこのスティックを食べたため救
急車で搬入された。発見時に母親が口腔内のたばこ葉を吐き出させ、救急車内で 2
回嘔吐した。泣いているが、意識は清明。体温 36.9 ℃。心拍数 110/分、整。血圧
100/64 mmHg。呼吸数 30/分。
適切な対応はどれか。
ａ　胃洗浄
ｂ　気道確保
ｃ　経過観察
ｄ　多量飲水
ｅ　血液浄化法"
D040,"74 歳の女性。蛋白尿を指摘されて来院した。昨年の特定健康診査で蛋白尿を指
摘されたが、症状がなかったのでそのままにしていた。今年の特定健康診査でも蛋
白尿を指摘されて受診した。既往歴に特記すべきことはない。体調不良はなく就業
しており、自宅で時々測定している血圧は 120/70 mmHg 前後である。体重は増減
なく安定しているが、両下腿にごく軽度の圧痕性浮腫を認める。尿所見：比重
1.015、pH 6.0、蛋白 3 ＋、糖（－）、潜血（－）、随時尿の尿蛋白/クレアチニン比
は 2.5 g/gCr（基準 0.15 未満）。尿沈渣に赤血球 1 ～ 4 /HPF、白血球 1 ～ 4 /HPF、
硝子円柱 1 ～ 4 /HPF、顆粒円柱と幅広円柱を少数認める。血液生化学所見：クレ
アチニン 0.7 mg/dL、eGFR 61.6 mL/分/1.73 m2
。腹部超音波検査では腎臓に異
常を認めない。
最も考えられるのはどれか。
ａ　IgA 腎症
ｂ　膜性腎症
ｃ　多発性囊胞腎
ｄ　微小変化型ネフローゼ症候群
ｅ　特発性半月体形成性糸球体腎炎"
D042,"3 歳の男児。呼吸困難を主訴に母親に連れられて来院した。 1 週間前から夜間の
咳嗽が出現し、昨夜から呼吸困難が出現したため救急外来を受診した。意識は清
明。身長 92 cm、体重 13 kg。体温 37.2 ℃。座位で脈拍 120/分、整。血圧 110/78
mmHg。呼吸数 36/分。SpO2 96 %（room air）。両側鎖骨上窩に径 2 cm の腫瘤を触
知する。心音は異常なく、胸部に stridor を聴取する。腹部は平坦、軟で、肝・脾
を触知しない。血液所見：赤血球 450 万、Hb 12.1 g/dL、Ht 38 %、白血球 20,000
（芽球 14 %、好中球 27 %、好酸球 3 %、単球 6 %、リンパ球 50 %）、血小板 35 万。
胸部エックス線写真で縦隔に大きな腫瘤陰影を認める。仰臥位で呼吸困難とチア
ノーゼが急速に出現し、SpO2 は 74 % に低下した。座位に戻しマスク 10 L/分の酸
素投与で SpO2 は 98 % に改善し、呼吸困難は軽減した。
適切な対応はどれか。
ａ　開胸手術
ｂ　気管挿管
ｃ　胸腔穿刺
ｄ　気管支拡張薬吸入
ｅ　座位の励行を指示して帰宅"
D045,"69 歳の女性。不随意運動を主訴に来院した。15 年前に右手の振戦が出現し、動
作が遅くなったため受診したところ、Parkinson 病と診断された。抗 Parkinson 病
薬を内服し、症状は改善した。 5 年前から歩行困難が出現した。 1 年前から抗
Parkinson 病薬の効果が持続しなくなり、時間により歩行不能が出現するように
なった。抗 Parkinson 病薬を増量したところ、体幹や上下肢を不規則に繰り返し動
かす不随意運動が出現し、座位も保てなくなった。
下線部の不随意運動はどれか。
ａ　チック
ｂ　ジストニア
ｃ　静止時振戦
ｄ　ジスキネジア
ｅ　ミオクローヌス"
D046,"65 歳の男性。定期受診で来院した。自宅近くの診療所を糖尿病と高血圧症で通
院し、ビグアナイド薬、DPP-4 阻害薬およびアンジオテンシン受容体拮抗薬が処
方されている。自覚症状はない。喫煙歴と飲酒歴はない。運動に毎日 7,000 歩を歩
いている。身長 164 cm、体重 60 kg。脈拍 72/分、整。血圧 118/72 mmHg。家庭
血圧 120 台/70 台。胸部と腹部とに異常を認めない。アキレス腱反射は両側で消失
している。尿所見：蛋白 3 ＋、潜血（－）、沈渣に赤血球 1 ～ 2 /HPF、白血球
0 ～ 1 /HPF、円柱はない。随時尿の尿蛋白 500 mg/dL、尿クレアチニン 250
mg/dL。血液所見：赤血球 300 万、Hb 10.0 g/dL、Ht 33 %、白血球 6,200、血小
板 31 万。血液生化学所見：尿素窒素 25 mg/dL、クレアチニン 1.2 mg/dL、eGFR
48.0 mL/分/1.73 m2
、尿酸 6.0 mg/dL、血糖 120 mg/dL、HbA1c 7.2 %（基準 4.9～
6.0）、Na 142 mEq/L、K 5.0 mEq/L、Cl 108 mEq/L。
この患者の腎機能低下を抑制するために追加する薬剤はどれか。
ａ　尿酸降下薬
ｂ　SGLT2 阻害薬
ｃ　カルシウム拮抗薬
ｄ　スルホニル尿素薬
ｅ　陽イオン交換樹脂製剤"
D048,"3 歳の女児。 3 歳児健康診査で初めて心雑音を指摘され、両親に連れられて来院
した。保育園での生活に支障はないという。既往歴と家族歴に特記すべきことはな
い。心音はⅡ音の固定性分裂を認める。胸骨左縁第 2 肋間を最強点とする
Levine 2/6 の収縮期雑音と胸骨左縁下部を中心に Levine 2/6 の拡張期雑音とを聴
取する。腹部は平坦、軟で、肝を触知しない。心エコー検査では直径 12 mm 程度
の心房中隔欠損症を認め、右心房と右心室の拡大を伴う。肺高血圧症を示唆する所
見はない。
心房中隔欠損症に関する両親への説明で適切なのはどれか。
ａ　「遺伝性の発症が多い疾患です」
ｂ　「保育園での運動は控えましょう」
ｃ　「小児期に不整脈を生じることが多いです」
ｄ　「心臓の負担をとるために塩分制限が必要です」
ｅ　「適切なタイミングで欠損孔の閉鎖治療が必要か考えます」"
D052,"19 歳の男性。白血球増多の精査を目的に来院した。 1 週間前に発熱と咽頭痛が
出現し自宅近くの診療所を受診した際、白血球増多を指摘されたため紹介受診し
た。体温 37.8 ℃。脈拍 92/分、整。血圧 118/76 mmHg。眼瞼結膜と眼球結膜とに
異常を認めない。両側扁桃の発赤と腫大があり、表面に白苔を認める。両側頸部に
径 2 cm の圧痛を伴うリンパ節を複数触知する。心音と呼吸音とに異常を認めな
い。腹部は平坦、軟で、肋骨弓下に肝を 2 cm 触知する。脾は触知しない。血液所
見：赤血球 493 万、Hb 14.3 g/dL、Ht 44 %、白血球 26,000（桿状核好中球 1 %、
分葉核好中球 7 %、好酸球 0 %、好塩基球 0 %、単球 2 %、リンパ球 75 %、異型リ
ンパ球 15 %）、血小板 18 万。血液生化学所見：総ビリルビン 1.3 mg/dL、直接ビ
リルビン 0.7 mg/dL、AST 202 U/L、ALT 268 U/L、LD 637 U/L（基準 124～222）、
ALP 306 U/L（基準 38～113）、クレアチニン 0.9 mg/dL、尿酸 7.1 mg/dL。CRP
0.9 mg/dL。
この患者への対応で適切なのはどれか。
ａ　経過観察
ｂ　血漿交換
ｃ　アシクロビル投与
ｄ　アンピシリン投与
ｅ　殺細胞性抗癌薬投与"
D055,"78 歳の男性。入院中に肺炎を発症し喀痰検査を施行したところ多剤耐性緑膿菌
を検出した。
感染予防策で適切なのはどれか。
ａ　個室管理は必要ない。
ｂ　N95 マスクを着用し診察する。
ｃ　病室に出入りする人全員が同様に予防策を理解する。
ｄ　手袋を使用して患者に接触した場合、手袋を外せば手洗いは必要ない。
ｅ　痰の吸引をしなければ Personal Protective Equipment〈PPE〉は必要ない。"
D058,"63 歳の男性。下痢を主訴に来院した。50 歳時から飲酒後に上腹部痛と背部痛を
繰り返すため自宅近くの診療所に通院し、禁酒指導を受けていた。55 歳から通院
を中断していた。半年前から 1 日 8 回の下痢が持続するため 8 年ぶりに受診した。
飲酒は日本酒 5 合/日を 43 年間。身長 168 cm、体重 45 kg。胸部と腹部とに異常を
認めない。血液所見：赤血球 402 万、Hb 12.1 g/dL、Ht 40 %、白血球 4,200、血
小板 18 万。血液生化学所見：総蛋白 6.8 g/dL、アルブミン 3.5 g/dL、総ビリル
ビン 0.8 mg/dL、AST 17 U/L、ALT 28 U/L、LD 199 U/L（基準 124～222）、ALP
43 U/L（基 準 38～113）、ア ミ ラ ー ゼ 40 U/L（基 準 44～132）、血 糖 96 mg/dL、
HbA1c 6.2 %（基準 4.9～6.0）、CA19-9 36 U/L（基準 37 以下）。腹部超音波検査で
膵臓にびまん性の石灰化を認めたが、腫瘤は指摘されなかった。
この患者にみられるのはどれか。
ａ　黒色便
ｂ　脂肪便
ｃ　粘血便
ｄ　灰白色便
ｅ　兎糞状便"
D059,"24 歳の女性。職場で過量服薬を繰り返すため通院中の精神科を受診した。小学
生までは生活面と成績に問題なく、教師から高い評価を受けていた。中学生ごろか
ら学校で突然怒り出すようになり、高校生から男性と交際して別れることを繰り返
すようになった。20 歳ごろから交際相手と別れ話が出るたびに自傷行為を繰り返
していた。22 歳で大学卒業後、事務職として就職。精神科の通院を開始して、抗
うつ薬と睡眠薬の処方を受けるようになった。職場でミスを指摘されると、一度に
10 錠程度の睡眠薬を内服することを繰り返していた。
診断はどれか。
ａ　双極性障害
ｂ　統合失調症
ｃ　自閉スペクトラム症
ｄ　注意欠如多動性障害〈注意欠如多動症〉
ｅ　パーソナリティ障害〈パーソナリティ症〉"
D060,"56 歳の女性。頭痛を主訴に来院した。10 年前から高血圧症でカルシウム拮抗薬
を内服している。 2 年前の冬から両手指が蒼白になることに気づいた。 6 か月前か
ら両手指の腫れが出現した。 2 週間前から頭痛が出現し持続したため受診した。意
識 は 清 明。身 長 165 cm、体 重 52 kg。体 温 36.5 ℃。脈 拍 100/分、整。血 圧
176/102 mmHg（ 1 か月前は 120/80 mmHg）。呼吸数 16/分。SpO2 96 %（room air）。
手指から前腕まで皮膚硬化を認める。心音と呼吸音とに異常を認めない。腹部は平
坦、軟で、肝・脾を触知しない。両下腿に圧痕性浮腫を認める。神経診察で異常を
認めない。尿所見：蛋白 1 ＋、潜血 1 ＋。血液所見：赤血球 406 万、Hb 10.9
g/dL、Ht 40 %、網赤血球 1.2 %、白血球 4,300（好中球 69 %、好酸球 1 %、好塩基
球 1 %、単球 8 %、リンパ球 21 %）、血小板 15 万。血液生化学所見：総蛋白 7.5
g/dL、アルブミン 3.6 g/dL、総ビリルビン 1.1 mg/dL、AST 28 U/L、ALT 16
U/L、LD 197 U/L（基 準 124～222）、γ-GT 32 U/L（基 準 9 ～32）、CK 122 U/L（基
準 41～153）、尿 素 窒 素 40 mg/dL、ク レ ア チ ニ ン 1.8 mg/dL（ 1 か 月 前 は 0.7
mg/dL）、Na 139 mEq/L、K 4.8 mEq/L、Cl 97 mEq/L、血 漿 レ ニ ン 活 性 8.6
ng/mL（基準 1.2～2.5）。免疫血清学所見：CRP 0.5 mg/dL、抗核抗体 160 倍（基
準 20 以下）、抗 RNA ポリメラーゼⅢ抗体陽性。腹部超音波検査で腎尿路系に異常
を認めない。
この患者に適切な治療薬はどれか。
ａ　β 遮断薬
ｂ　ループ利尿薬
ｃ　グルココルチコイド
ｄ　抗コリンエステラーゼ薬
ｅ　アンジオテンシン変換酵素〈ACE〉阻害薬"
D064,"52 歳の男性。 2 週間前から続く 38 ℃台の発熱と咳嗽を主訴に来院した。気管支
鏡検査を施行後に入院した。職場で咳が出るが、自宅で咳は出ない。既往歴に特記
すべきことはない。喫煙歴は 40 本/日を 20 歳～48 歳。自宅は築 30 年の一軒家。
職業歴は 5 年前まで会社員、 5 年前からキノコの屋内栽培に従事している。意識は
清 明。身 長 163 cm、体 重 61 kg。体 温 37.3 ℃。脈 拍 84/分、整。血 圧 132/80
mmHg。呼吸数 20/分。SpO2 94 %（room air）。心音と呼吸音とに異常を認めない。
血液所見：赤血球 440 万、Hb 13.6 g/dL、白血球 4,200、血小板 21 万。血液生化
学所見：KL-6 1,300 U/mL（基準 500 未満）。免疫血清学所見：CRP 3.1 mg/dL、
抗核抗体陰性。胸部エックス線写真にて両側肺野に粒状影と淡い浸潤影を認めた。
胸部 CT で粒状影とすりガラス影を認めた。入院後、発熱と咳嗽は速やかに自然寛
解した。入院 7 日目、SpO2 は 98 %（room air）であり帰宅試験を行ったが、症状は
再燃しないため入院 10 日目に退院した。
この疾患で特徴的な所見はどれか。
ａ　喀痰：抗酸菌塗抹陽性
ｂ　生化学検査：血清 IgA 高値
ｃ　呼吸機能検査 FEV1 %：60 % 以下
ｄ　気管支肺胞洗浄〈BAL〉：リンパ球分画増加
ｅ　経気管支肺生検病理組織：びまん性肺胞障害〈DAD〉"
E001,"褥瘡ができやすい部位はどこか。
ａ　耳　介
ｂ　手　掌
ｃ　臍
ｄ　外陰部
ｅ　踵　部"
E002,メタ分析〈メタアナリシス〉で正しいのはどれか。 ａ エビデンスレベルは低い。 ｂ 複数の研究を統合できる。 ｃ 出版バイアスは考慮しなくてよい。 ｄ 無作為化比較対照試験と同義である。 ｅ 研究者自身が対象集団に直接働きかけてデータを収集する。
E003,血液培養 2 セット中 1 セットのみが陽性の場合、起因菌ではなく常在菌の汚染菌 〈コンタミネーション〉と解釈して治療しない場合があるのはどれか。 ａ Candida albicans ｂ Escherichia coli ｃ Pseudomonas aeruginosa ｄ Staphylococcus aureus ｅ Staphylococcus epidermidis
E004,Which is NOT the correct combination between the risk factor and its associated disease? ａ smoking bladder cancer ｂ lack of physical activity colon cancer ｃ obesity after menopause breast cancer ｄ excessive alcohol consumption esophageal cancer ｅ excessive dietary sodium intake lung cancer
E005,終末期癌患者の死亡前 3 日以内の身体所見の変化で適切なのはどれか。 ａ 手足の熱感 ｂ 尿量の増加 ｃ 酸素飽和度の上昇 ｄ 橈骨動脈の触知不良 ｅ 毛細血管再充満時間の短縮
E006,最近 10 年間の我が国の患者調査において 65 歳以上で患者数（外来）が最も多いの はどれか。 ａ 糖尿病 ｂ 緑内障 ｃ 高血圧症 ｄ 悪性新生物 ｅ 脂質異常症
E007,座位の患者からの鼻咽頭ぬぐい液の採取手順で誤っているのはどれか。 ａ 個人防護具を着用する。 ｂ 患者の側方に立つ。 ｃ 患者の頭部が動かないよう支える。 ｄ 綿棒を患者の鼻孔から上方に向けて挿入する。 ｅ 咽頭後壁からぬぐい液を採取する。
E008,標準予防策が適用されている患者に対し、医療従事者がディスポーザブル手袋を 着用せずに取り扱えるのはどれか。 ａ 患者の眼鏡 ｂ 創部にあてたガーゼ ｃ 便が付着したオムツ ｄ 口腔ケアに用いたブラシ ｅ 喀痰が付着したティッシュペーパー
E009,閉塞性黄疸に伴いやすい症状はどれか。 ａ 紫 斑 ｂ かゆみ ｃ 黒色便 ｄ 立ちくらみ ｅ 肉眼的血尿
E010,ノーベル生理学・医学賞を受賞した日本人研究者と研究内容の組合せで正しいの はどれか。 ａ 大隅 良典 免疫チェックポイント阻害因子の発見 ｂ 大村 智 抗体の多様性に関する遺伝的原理の発見 ｃ 利根川 進 寄生虫感染症の治療法の発見 ｄ 本庶 佑 オートファジーの解明 ｅ 山中 伸弥 多能性幹細胞〈iPS 細胞〉の作製
E011,非感染性疾患で誤っているのはどれか。 ａ 遺伝要因は発症に関係する。 ｂ 生活習慣は発症に関係する。 ｃ 予防は健康日本 21 の目標である。 ｄ がん、循環器疾患、糖尿病の総称である。 ｅ 社会的な環境を踏まえた対策が必要である。
E012,腰椎穿刺による脳脊髄液検査で正しいのはどれか。 ａ 患者を腹臥位にする。 ｂ 滅菌手袋を着用して穿刺する。 ｃ できるだけ太い穿刺針を用いる。 ｄ 患者の L1 と L2 の椎間を穿刺する。 ｅ 患者は脳脊髄液採取後に一定時間座位を保つようにする。
E013,共同意思決定〈シェアードディシジョンメイキング〉の説明で正しいのはどれか。 ａ 医療者が最善と考えた方針を説明し同意を得る。 ｂ 医療者が提供した選択肢から患者が選択する。 ｃ 医療者と患者がともに最善の方法を探る。 ｄ インフォームド・コンセントと同義である。 ｅ 患者の経過が確実に予測できる場合に適している。
E014,主に湿性咳嗽をきたす疾患はどれか。 ａ 咳喘息 ｂ 間質性肺炎 ｃ 感染後咳嗽 ｄ 胃食道逆流症 ｅ 副鼻腔気管支症候群
E015,医師の職業倫理に反するのはどれか。 ａ 患者からのセカンドオピニオンの求めに応じる。 ｂ 他の医師の不適切な医療行為に対して忠告する。 ｃ 自身の業務に関係のない患者の電子カルテを閲覧する。 ｄ 治験薬剤の適応に合致する患者に治験の情報を提供する。 ｅ 判断能力のない患者の利益擁護者に病状や治療内容を説明する。
E016,乳癌を疑う所見で誤っているのはどれか。 ａ 乳汁分泌 ｂ 乳頭陥凹 ｃ えくぼ徴候 ｄ 橙皮様変化 ｅ 大胸筋に固着した腫瘤
E017,腎機能で正しいのはどれか。 ａ 腎血流量は加齢により増加する。 ｂ 尿濃縮能は加齢により増加する。 ｃ 糸球体濾過量〈GFR〉は妊娠中期に減少する。 ｄ GFR が低下すると血清シスタチン C は減少する。 ｅ 血清クレアチニンを用いた推算 GFR は筋肉量に影響される。
E018,患者に進行がんの告知をする際に適切なのはどれか。 ａ 家族は同席させない。 ｂ 一度だけ説明すればよい。 ｃ 患者の解釈モデルは聴取しない。 ｄ 患者の理解度にかかわらず手短に説明する。 ｅ 悪い知らせを聞く意思があるかどうかを患者本人に確認する。
E019,パニック障害〈パニック症〉の症状はどれか。 ａ 健 忘 ｂ 無 為 ｃ 観念奔逸 ｄ 予期不安 ｅ フラッシュバック
E020,身体診察で正しいのはどれか。 ａ 呼吸数測定は 5 秒間行う。 ｂ 血圧測定は患者が会話中に行う。 ｃ 上肢近位筋の筋力測定は握力計で行う。 ｄ 内頸静脈での中心静脈圧推定は臥位で行う。 ｅ 固定姿勢保持困難〈asterixis〉は上肢を前方に水平挙上させて観察する。
E022,"死亡診断書で正しいのはどれか。
ａ　解剖所見は記載できない。
ｂ　歯科医師は発行できない。
ｃ　主治医以外は記載できない。
ｄ　医師が署名しなければならない。
ｅ　保健所に届け出なければならない。"
E023,窒息後に意識を消失して倒れた人に対し、まず行うべき対応はどれか。 ａ 胸骨圧迫 ｂ 背部叩打 ｃ 腹部突き上げ ｄ 口対口人工呼吸 ｅ 口腔内異物除去
E025,ショックと症候の組合せで誤っているのはどれか。 ａ 出血性ショック 頻 脈 ｂ 心原性ショック 乏 尿 ｃ 神経原性ショック 徐 脈 ｄ 敗血症性ショック 蕁麻疹 ｅ アナフィラキシーショック 喉頭浮腫
E026,"36 歳の男性。定期健康診断で高血圧を指摘され来院した。喫煙歴はない。飲酒 は機会飲酒。父親が高血圧症で治療中。身長 168 cm、体重 60 kg、腹囲 77 cm。脈 拍 76/分、整。血圧 144/78 mmHg。尿所見：蛋白（－）、糖（－）。血液生化学所見： 空腹時血糖 99 mg/dL、尿酸 6.8 mg/dL、総コレステロール 170 mg/dL、トリグリ セリド 70 mg/dL、HDL コレステロール 58 mg/dL。心電図に異常を認めない。管 理栄養士が本人から聴取した食事内容から、摂取エネルギー量 1,900 kcal/日、塩 分摂取量 15 g/日と推定した。 適切な指示はどれか。 ａ 減 塩 ｂ 禁 酒 ｃ 体重の減量 ｄ 脂肪摂取制限 ｅ プリン体摂取制限"
E027,11 歳の男児。下腹部痛を主訴に学校の先生に連れられて来院した。午後から急 に下腹部痛が出現し、徐々に増強して我慢できなくなったため受診した。体温 36.8 ℃。脈拍 108/分、整。血圧 118/62 mmHg。呼吸数 18/分。SpO2 99 %（room air）。心音と呼吸音とに異常を認めない。腹部は平坦で、下腹部に軽度の圧痛を認 めるが、筋性防御および反跳痛は認めない。肝・脾を触知しない。腸雑音に異常を 認めない。鼠径部に腫瘤を触れない。左陰囊は右陰囊に比較して腫大し、透光性は 無く、軽度の発赤と著明な圧痛を認める。カラードプラ陰囊部超音波検査で左精巣 実質内の血流信号が乏しい所見が認められた。 診断はどれか。 ａ 精巣腫瘍 ｂ 精巣水瘤 ｃ 精索静脈瘤 ｄ 精巣捻転症 ｅ 鼠径ヘルニア
E028,"An ambulance brought a 28-year-old man to the emergency room. He was found on the street unconscious. In his wallet, he had a memo stating, “I have thrombocytopenia from aplastic anemia. If I pass out, please obtain a CT scan to rule out intracranial hemorrhage immediately. Thank you in advance. ” Which test should you order next? ａ head CT ｂ brain MRI ｃ serum alcohol level ｄ serum ammonia level ｅ electroencephalogram"
E030,研修医が担当した肺炎の入院患者に対して、指導医と相談し抗菌薬で治療するこ とになった。薬剤師がこの患者に同系統の抗菌薬でアレルギー歴があることを確認 し、研修医に連絡した。研修医から「指導医と決めたことなので問題ない」と返答が あったため、そのまま投与された。病棟でこの薬剤を投与中に蕁麻疹が出現した。 すぐに薬剤を中止したところ、蕁麻疹は消退した。 この事例の適切な対応はどれか。 ａ 医療安全管理部門にインシデントレポートを提出する。 ｂ 医療事故調査委員会に調査を依頼する。 ｃ 当該の抗菌薬の製薬会社に報告する。 ｄ どこにも報告する必要はない。 ｅ 保健所に届け出る。
E031,38 歳の女性（ 3 妊 0 産）。強い腹痛を主訴に救急車で搬入された。月経周期は 28 日型、整。最終月経は 7 週間前。本日から突然強い下腹部痛を自覚したため救急車 を要請した。性器出血を認めない。意識は清明。体温 37.1 ℃。心拍数 116/分、 整。血圧 78/52 mmHg。呼吸数 20/分。SpO2 98 %（room air）。腹部は軽度膨隆し 右下腹部に圧痛と反跳痛を認める。妊娠反応陽性。腹部超音波検査で Morrison 窩 と Douglas 窩に低輝度の液体貯留像を認める。経腟超音波検査で子宮内膜の高輝 度肥厚および右付属器領域に不整形低エコーを認める。 この患者への適切な対応はどれか。 ａ 緊急手術 ｂ 子宮鏡検査 ｃ 子宮動脈塞栓術 ｄ 1 週間経過観察 ｅ 葉酸代謝拮抗薬投与
E032,34 歳の女性。発熱と皮疹を主訴に来院した。昨日から咽頭痛があったが、日常 生活は普通に送っていた。本日からガタガタ震える悪寒を伴う 39.6 ℃の発熱、頭 痛、悪心および関節痛を認める。生来健康である。意識は清明。身長 165 cm、体 重 60 kg。体 温 39.8 ℃。脈 拍 120/分、整。血 圧 90/58 mmHg。呼 吸 数 28/分。 SpO2 96 %（room air）。瞳孔は左右差なく、対光反射は正常。眼球結膜に点状出血 と黄染とを認める。口腔内はやや乾燥している。咽頭は発赤を認めない。頸静脈の 怒張を認めない。項部硬直を認める。心音と呼吸音とに異常を認めない。腹部は平 坦、軟で、腸雑音を聴取する。肝・脾を触知しない。両上肢手掌と下肢足底とにび まん性の出血斑を認める。入院時の血液培養からグラム陰性球菌を認めた。 最も可能性の高い原因微生物はどれか。 ａ Escherichia coli ｂ Group A Streptococcus ｃ Moraxella catarrhalis ｄ Neisseria gonorrhoeae ｅ Neisseria meningitidis
E033,78 歳の男性。下腹部痛と排尿ができないことを主訴に来院した。 3 か月前から 頻尿がある。一昨日の夕食後から感冒症状があり市販の総合感冒薬を内服してい る。昨日の昼から尿が出ず、下腹部痛が出現したため受診した。身長 165 cm、体 重 60 kg。体温 36.6 ℃。脈拍 84/分、整。血圧 154/88 mmHg。下腹部に弾性軟の 腫瘤を触知し、同部に圧痛あり。直腸診で径 5 cm、弾性硬の前立腺を触知し、圧 痛を認めない。 まず行うべき画像検査で適切なのはどれか。 ａ 骨盤部 MRI ｂ 腹部造影 CT ｃ 腹部超音波検査 ｄ 腹部エックス線撮影 ｅ 下部消化管内視鏡検査
E034,"28 歳の初妊婦（ 1 妊 0 産）。妊娠 18 週に高血糖を指摘され来院した。妊娠 16 週 時に尿糖陽性を指摘され、 2 週間後の随時血糖値が 162 mg/dL と高値を示したた め紹介受診となった。既往歴に特記すべきことはない。身長 158 cm、体重 57 kg （非妊時体重 54 kg）。血圧 124/62 mmHg。下腿に浮腫を認めない。妊娠 19 週時に 75 g 経口ブドウ糖負荷試験〈OGTT〉を施行し、負荷前値 112 mg/dL、 1 時間値 218 mg/dL、 2 時間値 202 mg/dL であった。超音波検査で子宮頸管長 4.2 cm、推定胎 児体重は 190 g（0.0 SD）、羊水量は正常であった。 適切な対応はどれか。 ａ 運動療法は勧めない。 ｂ 経口血糖降下薬を開始する。 ｃ 1 日 1,200 kcal の食事療法を行う。 ｄ 食後 2 時間の血糖値が 150 mg/dL 未満を目標とする。 ｅ 産褥 6 週間後に再度 75 g 経口ブドウ糖負荷試験を行う。"
E035,88 歳の女性。腰痛を主訴に救急車で搬入された。今朝、自宅で転倒してから腰 痛のため歩けなくなったため救急車を要請した。高血圧症と認知症で治療中であ る。改訂長谷川式簡易知能評価スケールで 7 点（30 点満点）。要介護度は要介護 1 である。腰椎エックス線写真で第 3 腰椎の圧迫骨折を認め、仏痛管理とリハビリ テーションを目的に入院となった。入院 1 か月後に状態が安定したので、退院後の 方針について夫と話し合いとなった。 夫への説明で適切なのはどれか。 ａ 「話し合いの内容は文書では残しません」 ｂ 「配偶者は代理意思決定者にはなれません」 ｃ 「本人は認知症があるので参加は不要です」 ｄ 「話し合いで決まったことでも後で変更できます」 ｅ 「ケアマネジャーに話し合いの内容を伝える必要はありません」
E036,23 歳の男性。腹痛を主訴に来院した。 2 日前に上腹部痛を自覚した。本日、明 け方から痛みが右下腹部に移動し、悪心を伴うため自宅近くの診療所を受診した。 2 日間排便がない。臍周囲から右下腹部が痛み、咳で右下腹部に痛みが響くように なったという。尿の異常は自覚していない。意識は清明。体温 37.6 ℃。脈拍 88/分、整。血圧 108/70 mmHg。呼吸数 16/分。 この患者の腹部診察で正しいのはどれか。 ａ 直腸指診を行う。 ｂ 聴診の前に打診を行う。 ｃ 腸蠕動音の聴取は 5 秒間行う。 ｄ 痛みを訴える部位から触診する。 ｅ 腸蠕動音の聴取は 5 か所以上で行う。
E037,"80 歳の女性。 1 か月前に自宅近くの病院で肺癌および多発骨転移と診断された。
本人の強い希望で薬物による抗癌治療などの積極的な治療はせず、自宅にて訪問診
療を受けている。トイレに行くことはできるが、日中も主にベッド上で過ごしてい
る。65 歳時に夫と死別してから独居である。息子はいるが遠方に住んでおり、ほ
とんど会うことはない。表情は硬く、自宅を訪問するスタッフとも会話をすること
が少ないという。ある日、訪問診療に訪れた医師に、患者は「もう終わりにしたい
です」と訴えた。
患者のこの言葉に対する医師の最初の返答で適切なのはどれか。
ａ　「緩和ケア病棟への入院を検討しましょう」
ｂ　「すぐに安楽な死を迎えられる薬剤を準備します」
ｃ　「身体の症状で、いま一番つらい症状を教えてください」
ｄ　「おつらいですね、もう少しお気持ちをお話しいただけますか」
ｅ　「そんなことをおっしゃらずに、もう少し頑張ってみましょう」"
E038,75 歳の男性。自転車で転倒したため救急車で搬入された。右大腿骨頸部骨折の 診断で人工骨頭置換術を受けた。 2 週間のリハビリテーションでつかまり立ちがで きる程度に回復した。本人はリハビリテーションに意欲的で自宅での生活を希望し ている。認知症はなく妻と 2 人暮らしである。 患者の退院先で適切なものはどれか。 ａ 介護医療院 ｂ 特定機能病院 ｃ グループホーム ｄ 特別養護老人ホーム ｅ 回復期リハビリテーション病院
E039,72 歳の女性。歩行困難を主訴に来院した。10 年前から便秘で、 5 年前から嗅覚 の低下を自覚している。 2 年前から料理のときに右手で炒めものをかき混ぜづらく なった。症状は徐々に進行し、 3 か月前から歩行が不安定となったため受診した。 眼球運動は正常。仮面様顔貌と小声で早口の構語障害を認める。四肢では特に右上 肢で中等度の筋強剛と静止時振戦を認める。四肢の筋力低下は認めない。 Romberg 徴候は陰性で感覚障害を認めない。痙縮はなく腱反射は正常である。起 立は自力でできるが、姿勢反射障害がある。頭部 MRI で異常を認めない。ドパミ ントランスポーター SPECT で左側線条体の取込み低下を認める。 この患者にみられる歩行障害はどれか。 ａ 鶏 歩 ｂ 小刻み歩行 ｃ 動揺性歩行 ｄ はさみ足歩行 ｅ マグネット歩行
E040,74 歳の女性。①高血圧症で通院治療を受けている。 1 年前から変形性膝関節症 と診断され、杖をついて屋外歩行をしている。②一人暮らしで、③年金生活をして いる。食事摂取、着替え、排泄および入浴は自立している。④認知機能に問題はな い。膝の痛みのため掃除と洗濯ができない。要介護認定は⑤要支援 1 である。介護 予防ケアプランに基づいて予防給付（介護予防サービス）を受けている。 予防給付（介護予防サービス）を受ける根拠はどれか。 ａ ① ｂ ② ｃ ③ ｄ ④ ｅ ⑤
E041,"次の文を読み、41、42 の問いに答えよ。
48 歳の女性。突然の頭痛のため救急車で搬入された。
現病歴　：　今夜 8 時、食事中に突然激しい頭痛と嘔吐をきたし、同居の夫が異変に
気付き救急車を要請した。
既往歴　：　健康診断で高血圧を指摘されていたが、そのままにしていた。
生活歴　：　夫と 2 人暮らし。喫煙は 20 歳から 10 本/日。飲酒は機会飲酒。
家族歴　：　特記すべきことはない。
現　症　：　意識はややぐったりしている。自発開眼はなく、呼びかけで開眼する。
痛み刺激でうなり声をあげるが、発語はない。痛み刺激で両上下肢は刺激部位を払
いのける動作を示す。身長 150 cm、体重 70 kg。体温 36.4 ℃。心拍数 120/分、
整。血圧 200/106 mmHg。呼吸数 18/分。SpO2 100 %（リザーバー付マスク 10 L/分　酸素投与下）。瞳孔径は右 5.0 mm、左 5.0 mm。対光反射は両側緩慢である。頸静
脈の怒張を認めない。甲状腺や頸部リンパ節は触知しない。心音と呼吸音とに異常
を認めない。腹部は平坦、軟で、肝・脾を触知しない。下腿に浮腫を認めない。
検査所見　：　簡易血糖測定器で血糖は 128 mg/dL であった。
41 この患者の Glasgow Coma Scale〈GCS〉はどれか。
ａ　E 4　V 5　M 5
ｂ　E 4　V 4　M 5
ｃ　E 3　V 4　M 4
ｄ　E 3　V 2　M 5
ｅ　E 3　V 2　M 4"
E042,"次の文を読み、41、42 の問いに答えよ。
48 歳の女性。突然の頭痛のため救急車で搬入された。
現病歴　：　今夜 8 時、食事中に突然激しい頭痛と嘔吐をきたし、同居の夫が異変に
気付き救急車を要請した。
既往歴　：　健康診断で高血圧を指摘されていたが、そのままにしていた。
生活歴　：　夫と 2 人暮らし。喫煙は 20 歳から 10 本/日。飲酒は機会飲酒。
家族歴　：　特記すべきことはない。
現　症　：　意識はややぐったりしている。自発開眼はなく、呼びかけで開眼する。
痛み刺激でうなり声をあげるが、発語はない。痛み刺激で両上下肢は刺激部位を払
いのける動作を示す。身長 150 cm、体重 70 kg。体温 36.4 ℃。心拍数 120/分、
整。血圧 200/106 mmHg。呼吸数 18/分。SpO2 100 %（リザーバー付マスク 10 L/分　酸素投与下）。瞳孔径は右 5.0 mm、左 5.0 mm。対光反射は両側緩慢である。頸静
脈の怒張を認めない。甲状腺や頸部リンパ節は触知しない。心音と呼吸音とに異常
を認めない。腹部は平坦、軟で、肝・脾を触知しない。下腿に浮腫を認めない。
検査所見　：　簡易血糖測定器で血糖は 128 mg/dL であった。
42 まず行う検査はどれか。
ａ　脳波検査
ｂ　頭部単純 CT
ｃ　脳脊髄液検査
ｄ　頭部単純 MRI
ｅ　脳シングルフォトンエミッション CT〈SPECT〉"
E043,"次の文を読み、43、44 の問いに答えよ。
23 歳の女性。最近、普段と様子が違うことを心配した母親に伴われて精神科を受
診した。
現病歴　：　6 か月前から気分が沈み、自宅近くの内科診療所を受診し、抗うつ薬が
処方された。 1 か月前から遅くまで働いた後に友人と外出し、帰宅後は明け方まで
電話をするようになった。毎日出社していたが、取引先とトラブルを繰り返すよう
になった。抗うつ薬は処方されたとおりに服用していた。
既往歴　：　特記すべきことはない。
生活歴　：　両親と 3 人暮らし。大学卒業後、会社に就職している。喫煙歴はない。
飲酒は機会飲酒。
家族歴　：　特記すべきことはない。
現　症　：　意識は清明。多弁で気分が高揚している。身長 160 cm、体重 53 kg。体
温 36.2 ℃。脈拍 76/分、整。血圧 114/66 mmHg。呼吸数 15/分。SpO2 99 %（room
air）。神経診察で異常を認めない。
43 精神科受診時にこの患者にみられる症状はどれか。
ａ　幻　視
ｂ　離人症
ｃ　聴覚過敏
ｄ　抑うつ気分
ｅ　睡眠欲求の減少"
E044,"次の文を読み、43、44 の問いに答えよ。
23 歳の女性。最近、普段と様子が違うことを心配した母親に伴われて精神科を受
診した。
現病歴　：　6 か月前から気分が沈み、自宅近くの内科診療所を受診し、抗うつ薬が
処方された。 1 か月前から遅くまで働いた後に友人と外出し、帰宅後は明け方まで
電話をするようになった。毎日出社していたが、取引先とトラブルを繰り返すよう
になった。抗うつ薬は処方されたとおりに服用していた。
既往歴　：　特記すべきことはない。
生活歴　：　両親と 3 人暮らし。大学卒業後、会社に就職している。喫煙歴はない。
飲酒は機会飲酒。
家族歴　：　特記すべきことはない。
現　症　：　意識は清明。多弁で気分が高揚している。身長 160 cm、体重 53 kg。体
温 36.2 ℃。脈拍 76/分、整。血圧 114/66 mmHg。呼吸数 15/分。SpO2 99 %（room
air）。神経診察で異常を認めない。
44 この患者への説明で正しいのはどれか。
ａ　「転職を考えてみましょう」
ｂ　「薬を変える必要があると思います」
ｃ　「精神疾患とは考えないでよいでしょう」
ｄ　「このまましばらく様子をみてみましょう」
ｅ　「元気なうちにやり残した仕事をしてしまいましょう」"
E045,"次の文を読み、45、46 の問いに答えよ。
68 歳の男性。歩行困難を主訴に来院した。 2 年前から歩き方が酔っ払っているよ
うだと家族に指摘されている。同時期から歩行時にふらついてしまうため、足を広げ
て歩くようになった。暗いところと明るいところで歩行のふらつきに違いはない。椅
子からの起き上がりは可能だが、 6 か月前に起立時にふらついて転びそうになったこ
とがある。階段を昇ることはできるが、階段を降りる際には手すりを使うようになっ
た。書字動作がしにくくなり、線をまっすぐ引けなくなった。箸は握れて茶碗も持て
るが、目的の場所に上手く箸を運べなくなった。徐々に話し方が酔っ払った様に不明
瞭になった。歩行困難が進行し、 2 か月前に方向転換の際に転倒した。四肢のしびれ
及び感覚の鈍さは自覚していない。徐々に症状が増悪するため受診した。
既往歴　：　特記すべきことはない。
生活歴　：　喫煙歴と飲酒歴はない。
家族歴　：　特記すべきことはない。
現　症　：　意識は清明。身長 168 cm、体重 60 kg。体温 36.1 ℃。脈拍 64/分、整。
血圧 128/68 mmHg。心音と呼吸音とに異常を認めない。腹部は平坦、軟で、肝・
脾を触知しない。
検査所見　：　尿 所 見：蛋 白（－）、糖（－）。血 液 所 見：赤 血 球 510 万、Hb 14.2
g/dL、白血球 8,300、血小板 20 万。血液生化学所見：総蛋白 7.8 g/dL、総ビリル
ビン 0.8 mg/dL、AST 26 U/L、ALT 20 U/L、LD 180 U/L（基準 124～222）、γ-GT
45 U/L（基準 13～64）、CK 70 U/L（基準 59～248）、尿素窒素 19 mg/dL、クレアチ
ニン 0.8 mg/dL、血糖 92 mg/dL、HbA1c 5.0 %（基準 4.9～6.0）、総コレステロー
ル 152 mg/dL、トリグリセリド 50 mg/dL、Na 140 mEq/L、K 4.0 mEq/L。心電
図で異常を認めない。胸部、腹部および頸椎エックス線写真で異常を認めない。
45 この患者にみられるのはどれか。
ａ　痙　縮
ｂ　失　行
ｃ　運動失調
ｄ　運動麻痺
ｅ　不随意運動"
E046,"次の文を読み、45、46 の問いに答えよ。 68 歳の男性。歩行困難を主訴に来院した。 2 年前から歩き方が酔っ払っているよ うだと家族に指摘されている。同時期から歩行時にふらついてしまうため、足を広げ て歩くようになった。暗いところと明るいところで歩行のふらつきに違いはない。椅 子からの起き上がりは可能だが、 6 か月前に起立時にふらついて転びそうになったこ とがある。階段を昇ることはできるが、階段を降りる際には手すりを使うようになっ た。書字動作がしにくくなり、線をまっすぐ引けなくなった。箸は握れて茶碗も持て るが、目的の場所に上手く箸を運べなくなった。徐々に話し方が酔っ払った様に不明 瞭になった。歩行困難が進行し、 2 か月前に方向転換の際に転倒した。四肢のしびれ 及び感覚の鈍さは自覚していない。徐々に症状が増悪するため受診した。 既往歴 ： 特記すべきことはない。 生活歴 ： 喫煙歴と飲酒歴はない。 家族歴 ： 特記すべきことはない。 現 症 ： 意識は清明。身長 168 cm、体重 60 kg。体温 36.1 ℃。脈拍 64/分、整。 血圧 128/68 mmHg。心音と呼吸音とに異常を認めない。腹部は平坦、軟で、肝・ 脾を触知しない。 検査所見 ： 尿 所 見：蛋 白（－）、糖（－）。血 液 所 見：赤 血 球 510 万、Hb 14.2 g/dL、白血球 8,300、血小板 20 万。血液生化学所見：総蛋白 7.8 g/dL、総ビリル ビン 0.8 mg/dL、AST 26 U/L、ALT 20 U/L、LD 180 U/L（基準 124～222）、γ-GT 45 U/L（基準 13～64）、CK 70 U/L（基準 59～248）、尿素窒素 19 mg/dL、クレアチ ニン 0.8 mg/dL、血糖 92 mg/dL、HbA1c 5.0 %（基準 4.9～6.0）、総コレステロー ル 152 mg/dL、トリグリセリド 50 mg/dL、Na 140 mEq/L、K 4.0 mEq/L。心電 図で異常を認めない。胸部、腹部および頸椎エックス線写真で異常を認めない。
46 この患者の神経診察でみられるのはどれか。
ａ　Gowers 徴候陽性
ｂ　Romberg 徴候陽性
ｃ　Chaddock 反射陽性
ｄ　鼻指鼻試験拙劣
ｅ　固定姿勢保持困難〈asterixis〉"
E047,"次の文を読み、47、48 の問いに答えよ。
19 歳の女性。呼吸困難を主訴に来院した。
現病歴　：　1 週間前から上気道炎症状があった。 3 日前から喘鳴を伴う呼吸困難が
出現したため救急外来を受診した。
既往歴　：　小児期に気管支喘息。
生活歴　：　喫煙歴はない。ペット飼育歴はない。常用薬はない。
家族歴　：　母親と弟は気管支喘息。
現　症　：　意識は清明。身長 162 cm、体重 56 kg。体温 36.2 ℃。脈拍 92/分、整。
血圧 100/80 mmHg。呼吸数 24/分。SpO2 96 %（room air）。頸静脈の怒張を認めな
い。心音に異常を認めない。呼吸音は両側全肺野で呼気時に wheezes を聴取する。
下腿浮腫は認めない。
検査所見　：　血液所見：赤血球 468 万、Hb 13.9 g/dL、Ht 42 %、白血球 8,300（好
中球 55 %、好酸球 16 %、単球 6 %、リンパ球 23 %）、血小板 22 万。血液生化学所
見：総 ビ リ ル ビ ン 0.8 mg/dL、AST 20 U/L、ALT 16 U/L、LD 180 U/L（基 準
124～222）、尿素窒素 14 mg/dL、クレアチニン 0.8 mg/dL、Na 138 mEq/L、K
4.0 mEq/L、Cl 98 mEq/L。胸部エックス線写真で異常を認めない。
47 この患者の呼吸困難で正しいのはどれか。
ａ　座位で悪化する。
ｂ　食後に悪化する。
ｃ　夕方に悪化する。
ｄ　左側臥位で悪化する。
ｅ　夜中から明け方に悪化する。"
E048,"次の文を読み、47、48 の問いに答えよ。
19 歳の女性。呼吸困難を主訴に来院した。
現病歴　：　1 週間前から上気道炎症状があった。 3 日前から喘鳴を伴う呼吸困難が
出現したため救急外来を受診した。
既往歴　：　小児期に気管支喘息。
生活歴　：　喫煙歴はない。ペット飼育歴はない。常用薬はない。
家族歴　：　母親と弟は気管支喘息。
現　症　：　意識は清明。身長 162 cm、体重 56 kg。体温 36.2 ℃。脈拍 92/分、整。
血圧 100/80 mmHg。呼吸数 24/分。SpO2 96 %（room air）。頸静脈の怒張を認めな
い。心音に異常を認めない。呼吸音は両側全肺野で呼気時に wheezes を聴取する。
下腿浮腫は認めない。
検査所見　：　血液所見：赤血球 468 万、Hb 13.9 g/dL、Ht 42 %、白血球 8,300（好
中球 55 %、好酸球 16 %、単球 6 %、リンパ球 23 %）、血小板 22 万。血液生化学所
見：総 ビ リ ル ビ ン 0.8 mg/dL、AST 20 U/L、ALT 16 U/L、LD 180 U/L（基 準
124～222）、尿素窒素 14 mg/dL、クレアチニン 0.8 mg/dL、Na 138 mEq/L、K
4.0 mEq/L、Cl 98 mEq/L。胸部エックス線写真で異常を認めない。救急外来で治療を行い、症状が安定したため帰宅となった。
翌日の外来受診時に処方すべき薬剤はどれか。
ａ　利尿薬
ｂ　抗ヒスタミン薬
ｃ　マクロライド系抗菌薬
ｄ　吸入長時間作用性抗コリン薬
ｅ　吸入副腎皮質ステロイド/長時間作用性 β2 刺激薬配合剤"
E049,"次の文を読み、49、50 の問いに答えよ。
42 歳の男性。右足関節痛を主訴に来院した。
現病歴　：　昨夕から右足関節の違和感を自覚し、深夜に同部の痛みと腫れが出現し
た。今朝から急激に悪化し歩行困難となったため救急外来を受診した。 2 年前から
母趾の基部に仏痛を伴う腫脹が出現しては数日で寛解することを繰り返している。
既往歴　：　3 年前から高血圧症と糖尿病で自宅近くの診療所へ通院している。
生活歴　：　喫煙は 20 歳から 30 歳まで 20 本/日。飲酒はビール 500 mL/日。
家族歴　：　妹が関節リウマチ。
現　症　：　身長 160 cm、体重 76 kg。体温 37.2 ℃。脈拍 92/分、整。血圧 160/88
mmHg。呼吸数 16/分。頭頸部に異常を認めない。心音と呼吸音とに異常を認めな
い。腹部は平坦、軟で、肝・脾を触知しない。皮疹を認めない。右足関節は明らか
に腫脹し、著明な圧痛と熱感を認め、痛みのため動かせない。
検査所見　：　尿所見：蛋白（－）、糖 3 ＋、ケトン体 1 ＋、潜血（－）。血液所見：赤
血球 472 万、Hb 14.0 g/dL、Ht 43 %、白血球 12,300、血小板 21 万。血液生化学
所見：総蛋白 7.5 g/dL、アルブミン 3.9 g/dL、AST 48 U/L、ALT 62 U/L、LD
246 U/L（基準 124～222）、γ-GT 120 U/L（基準 13～64）、尿素窒素 12 mg/dL、ク
レアチニン 0.6 mg/dL、尿酸 7.9 mg/dL、血糖 328 mg/dL、HbA1c 9.2 %（基準
4.9～6.0）。CRP 10 mg/dL。右足関節の関節穿刺を実施したところ、関節液の外
観は黄色混濁を呈し Gram 染色では菌体を認めないが、白血球による針状結晶の貪
食像を認める。
49 診断はどれか。
ａ　痛　風
ｂ　偽痛風
ｃ　脊椎関節炎
ｄ　関節リウマチ
ｅ　変形性関節症"
E050,"次の文を読み、49、50 の問いに答えよ。
42 歳の男性。右足関節痛を主訴に来院した。
現病歴　：　昨夕から右足関節の違和感を自覚し、深夜に同部の痛みと腫れが出現し
た。今朝から急激に悪化し歩行困難となったため救急外来を受診した。 2 年前から
母趾の基部に仏痛を伴う腫脹が出現しては数日で寛解することを繰り返している。
既往歴　：　3 年前から高血圧症と糖尿病で自宅近くの診療所へ通院している。
生活歴　：　喫煙は 20 歳から 30 歳まで 20 本/日。飲酒はビール 500 mL/日。
家族歴　：　妹が関節リウマチ。
現　症　：　身長 160 cm、体重 76 kg。体温 37.2 ℃。脈拍 92/分、整。血圧 160/88
mmHg。呼吸数 16/分。頭頸部に異常を認めない。心音と呼吸音とに異常を認めな
い。腹部は平坦、軟で、肝・脾を触知しない。皮疹を認めない。右足関節は明らか
に腫脹し、著明な圧痛と熱感を認め、痛みのため動かせない。
検査所見　：　尿所見：蛋白（－）、糖 3 ＋、ケトン体 1 ＋、潜血（－）。血液所見：赤
血球 472 万、Hb 14.0 g/dL、Ht 43 %、白血球 12,300、血小板 21 万。血液生化学
所見：総蛋白 7.5 g/dL、アルブミン 3.9 g/dL、AST 48 U/L、ALT 62 U/L、LD
246 U/L（基準 124～222）、γ-GT 120 U/L（基準 13～64）、尿素窒素 12 mg/dL、ク
レアチニン 0.6 mg/dL、尿酸 7.9 mg/dL、血糖 328 mg/dL、HbA1c 9.2 %（基準
4.9～6.0）。CRP 10 mg/dL。右足関節の関節穿刺を実施したところ、関節液の外
観は黄色混濁を呈し Gram 染色では菌体を認めないが、白血球による針状結晶の貪
食像を認める。まず投与すべきなのはどれか。
ａ　NSAID
ｂ　麻薬性鎮痛薬
ｃ　尿酸合成阻害薬
ｄ　グルココルチコイド
ｅ　疾患修飾性抗リウマチ薬〈DMARD〉"
F001,"ユニバーサルデザインはどれか。
ａ　手話通訳
ｂ　電動車椅子
ｃ　点字ブロック
ｄ　障害者用駐車場
ｅ　駅のホームドア（転落防止柵）"
F002,"放射線の身体的影響で晩期反応〈障害〉はどれか。
ａ　脱　毛
ｂ　白内障
ｃ　運動失調
ｄ　けいれん
ｅ　皮膚紅斑"
F003,"骨盤外傷を疑う患者の診察で誤っているのはどれか。
ａ　血圧変化を確認する。
ｂ　下肢脚長差を確認する。
ｃ　骨盤周辺の打撲痕を確認する。
ｄ　外尿道口からの出血を確認する。
ｅ　背部の外傷は側臥位にして確認する。"
F004,"医療計画の記載事項に含まれないのはどれか。
ａ　救急医療
ｂ　精神疾患
ｃ　労働災害
ｄ　地域医療構想
ｅ　医療従事者の確保"
F005,"健やか親子 21（第 2 次）の指標でないのはどれか。
ａ　十代の飲酒率
ｂ　妊婦の喫煙率
ｃ　低出生体重児の割合
ｄ　中高生の 1 日のゲームの使用時間
ｅ　積極的に育児をしている父親の割合"
F006,"疾患と治療薬の組合せで正しいのはどれか。
ａ　腎性貧血 グルココルチコイド
ｂ　赤芽球癆 シクロスポリン
ｃ　巨赤芽球性貧血 エリスロポエチン
ｄ　慢性炎症に伴う貧血 鉄　剤
ｅ　自己免疫性溶血性貧血 ガンマグロブリン"
F008,"ヘルスプロモーションを述べているのはどれか。
ａ　バンコク憲章
ｂ　リスボン宣言
ｃ　ジュネーブ宣言
ｄ　ヘルシンキ宣言
ｅ　アルマ・アタ宣言"
F009,"お薬手帳の役割で正しいのはどれか。
ａ　重複処方の防止
ｂ　薬剤医療費の適正化
ｃ　かかりつけ薬局の指定
ｄ　ジェネリック薬品の普及促進
ｅ　薬剤師の判断による処方内容の修正"
F010,"我が国で日本人の総人口が減少に転じた時期はどれか。
ａ　1980 年代
ｂ　1990 年代
ｃ　2000 年代
ｄ　2010 年代
ｅ　2020 年代"
F011,"母体に投与した薬剤と児への影響との組合せで正しいのはどれか。
ａ　アンジオテンシン変換酵素〈ACE〉阻害薬 羊水過多症
ｂ　吸入副腎皮質ステロイド 早　産
ｃ　ミソプロストール 脳出血
ｄ　インドメタシン 動脈管収縮
ｅ　ミノサイクリン 水腎症"
F012,"分娩経過が正常な経産婦の一般的な分娩第 2 期の所要時間はどれか。
ａ　60 分以下
ｂ　61～120 分
ｃ　121～180 分
ｄ　181～240 分
ｅ　241 分以上"
F013,"正常な心臓で分時心拍出量を増加させるのはどれか。
ａ　後負荷の減少
ｂ　心拍数の減少
ｃ　前負荷の減少
ｄ　冠血流量の減少
ｅ　甲状腺機能の低下"
F014,"生活保護で現物給付されるのはどれか。
ａ　医療扶助
ｂ　教育扶助
ｃ　住宅扶助
ｄ　生活扶助
ｅ　葬祭扶助"
F015,"作業環境管理はどれか。
ａ　安全な手順の教育
ｂ　暑熱作業の時間制限
ｃ　防塵マスク使用の徹底
ｄ　血中鉛高値者の保健指導
ｅ　有害物質使用工程の密閉化"
F016,"へき地医療支援機構が行う事業はどれか。
ａ　在宅医療の確保
ｂ　母子保健の実施
ｃ　代診医の派遣調整
ｄ　地域医療構想の策定
ｅ　地域包括ケアの推進"
F017,"著明な脾腫をきたすのはどれか。
ａ　多発性骨髄腫
ｂ　急性骨髄性白血病
ｃ　慢性骨髄性白血病
ｄ　急性リンパ性白血病
ｅ　成人 T 細胞白血病・リンパ腫"
F019,"臨床病理検討会〈CPC〉で正しいのはどれか。
ａ　稀な疾患の治療法を相談する。
ｂ　入院中の診断困難症例を相談する。
ｃ　医療行為と医療事故の因果関係を評価する。
ｄ　術前検査の結果から手術の術式を検討する。
ｅ　臨床経過と病理解剖の所見を比較検討する。"
F020,"肝細胞癌に対するラジオ波焼灼術の施行時に用いられるのはどれか。
ａ　腹部 MRI
ｂ　腹部超音波
ｃ　超音波内視鏡
ｄ　腹部血管造影
ｅ　上部消化管内視鏡"
F021,"高齢者で増大するのはどれか。
ａ　骨　量
ｂ　脈　圧
ｃ　肺活量
ｄ　心拡張能
ｅ　糸球体濾過量"
F022,"抗凝固療法が必須でない人工臓器はどれか。
ａ　ECMO
ｂ　人工心肺装置
ｃ　人工弁（機械弁）
ｄ　植込み型ペースメーカ
ｅ　植込み型補助人工心臓"
F023,"2 群間の血圧の平均を比較するときに用いる統計解析手法はどれか。
ａ　t 検定
ｂ　χ2 検定
ｃ　生存分析
ｄ　比例ハザードモデル
ｅ　ロジスティック回帰"
F024,"離乳開始の目安となる乳児の発達で誤っているのはどれか。
ａ　5 秒以上座れる。
ｂ　食べ物に興味を示す。
ｃ　複数の臼歯が生える。
ｄ　首のすわりがしっかりしている。
ｅ　スプーンを口に入れても嫌がらない。"
F025,"知覚の障害でないのはどれか。
ａ　幻　嗅
ｂ　幻　視
ｃ　思考化声
ｄ　体感幻覚
ｅ　連合弛緩"
F026,"頸部を圧迫した際に閉塞しないのはどれか。
ａ　気　管
ｂ　外頸静脈
ｃ　総頸動脈
ｄ　内頸静脈
ｅ　腕頭動脈"
F027,"後期高齢者医療費の財源負担は、患者負担を除き、現役世代の支援金が約①割、
公費負担が約②割、保険料が約③割である。
①②③の組合せで正しいのはどれか。
ａ　① 2 ② 5 ③ 3
ｂ　① 4 ② 3 ③ 3
ｃ　① 4 ② 5 ③ 1
ｄ　① 5 ② 2 ③ 3
ｅ　① 5 ② 4 ③ 1"
F028,"持続可能な開発のための 2030 アジェンダ〈SDGs〉に含まれない項目はどれか。
ａ　貧困撲滅
ｂ　格差の是正
ｃ　遠隔医療の推進
ｄ　ジェンダー平等
ｅ　気候変動への対応"
F029,"インスリンの作用で誤っているのはどれか。
ａ　肝臓での糖新生抑制
ｂ　肝臓でのグリコーゲン合成促進
ｃ　脂肪細胞での中性脂肪分解促進
ｄ　骨格筋でのアミノ酸取り込み促進
ｅ　骨格筋でのグルコース取り込み促進"
F030,"特定保健指導で正しいのはどれか。
ａ　事業主が実施する。
ｂ　20 歳以上を対象とする。
ｃ　健康増進法で規定されている。
ｄ　リスクファクターの数に応じて対象者を抽出する。
ｅ　ポピュレーションストラテジーに基づいて対策する。"
F037,"4 歳の女児。喘鳴を主訴に母親に連れられて来院した。夕方から咳嗽と軽い喘鳴
とが出現し、夕食は少量のみ摂取した。就寝前から咳嗽および喘鳴が増悪し、眠る
ことができなかった。これまで同様のエピソードを繰り返しているが、今回が最も
苦しいという。意識は清明。身長 100 cm、体重 18 kg。体温 36.4 ℃。脈拍 140/分、
整。血圧 84/56 mmHg。呼吸数 48/分。SpO2 93 %（room air） 。活気不良。顔色不
良。口唇チアノーゼは認めない。心音に異常を認めない。胸部聴診上、両側に
wheezes を聴取する。腹部は平坦、軟。胸骨上窩と肋間腔とに陥没呼吸を認める。
途切れるが会話は可能であった。胸部エックス線写真では肺の過膨張を認めた。
この患者でみられるのはどれか。
ａ　嗄　声
ｂ　呼気延長
ｃ　犬吠様咳嗽
ｄ　無呼吸発作
ｅ　レプリーゼ"
F038,"82 歳の女性。数日前からの呼吸困難を主訴に来院した。肺結核後遺症による慢
性呼吸不全で在宅酸素療法（鼻カニューラ 0.5 L/分）を受けており、 3 週間前の定
期受診時は SpO2 92 %（鼻カニューラ 0.5 L/分　酸素投与下）であった。発熱はなく
少 量 の 痰 が あ る。意 識 は 清 明。体 温 36.2 ℃。脈 拍 96/分、整。血 圧 130/88
mmHg。呼吸数 24/分。SpO2 86 %（鼻カニューラ 0.5 L/分　酸素投与下）。呼吸音
は両側で coarse crackles を聴取する。下腿浮腫を認める。動脈血ガス分析（鼻カ
ニ ュ ー ラ 0.5 L/分　酸 素 投 与 下）は pH 7.32、PaCO2 60 Torr、PaO2 55 Torr、
HCO3
－ 30 mEq/L であった。
次に行うべき治療はどれか。
ａ　気管挿管
ｂ　非侵襲的陽圧換気〈NPPV〉
ｃ　短時間作用性 β2 刺激薬吸入
ｄ　グルココルチコイド点滴静注
ｅ　リザーバー付マスク 10 L/分酸素投与"
F039,"生後 1 時間の男児。身長 50 cm、体重 2,200 g、頭囲 32 cm で出生した。
この児の在胎期間の推定に用いる身体所見で適切でないのはどれか。
ａ　乳　房
ｂ　皮　膚
ｃ　うぶ毛
ｄ　大泉門
ｅ　足底のしわ"
F041,"日齢 14 の女児。夕方からの発熱を主訴に両親に連れられて夜間救急外来を受診
した。活気は不良。完全母乳栄養で哺乳は減弱している。体温 38.8 ℃。脈拍
160/分。呼吸数 60/分。SpO2 98 %（room air）。心音と呼吸音とに異常を認めない。
腹部は平坦、軟で、肝・脾を触知しない。大泉門は開大し軽度膨隆している。
両親への説明で適切なのはどれか。
ａ　「明日まで経過をみましょう」
ｂ　「抗菌薬を内服させましょう」
ｃ　「入院して治療をしましょう」
ｄ　「腋窩部や鼠径部を冷却しましょう」
ｅ　「母乳栄養を人工栄養へ変更しましょう」"
F042,"2 か月の女児。定期診察のため母親に連れられて来院した。新生児期に心室中隔
欠損症と診断されている。活気はあるが、以前に比して体重の増加が鈍っていた。
身長 57.0 cm、体重 4,720 g。体温 36.7 ℃。脈拍 148/分、整。血圧 90/58 mmHg。
呼吸数 52/分。毛細血管再充満時間 1 秒。SpO2 98 %（room air）。季肋下に陥没呼
吸を認める。心音はⅡ音の亢進を認め、胸骨左縁下部に Levine 5/6 の汎収縮期雑
音、心尖部に Levine 2/6 の拡張期雑音を認める。胸部聴診上、両側に wheezes を
聴取する。右肋骨弓下に肝を 3 cm 触れる。心エコー検査で、径 8 mm の心室中隔
欠損孔を介する多量の左右短絡を認め、左心房と左心室は拡大している。左心室の
収縮は保たれている。収縮期に心室中隔の左室側への圧排を認める。心室中隔欠損
症による心不全徴候が明らかとなってきており、近日中に心室中隔欠損症の閉鎖手
術が必要と判断した。
この患児に対する適切な初期対応はどれか。
ａ　酸素吸入
ｂ　利尿薬の投与
ｃ　β 遮断薬の投与
ｄ　アドレナリンの投与
ｅ　肺血管拡張薬の投与"
F044,"38 歳の女性。めまいと頭痛を主訴に来院した。 2 か月前に部屋の内装を改修し
た。改装後から帰宅するとめまい及び頭痛を自覚するようになった。天気が快晴で
窓を開けていると症状は楽だが、雨の日は調子が悪い。
この症状の原因と考えられる化学物質はどれか。
ａ　オゾン
ｂ　エタノール
ｃ　二酸化窒素
ｄ　フロンガス
ｅ　ホルムアルデヒド"
F046,"48 歳の女性。定期受診で来院した。20 年前に糖尿病、 5 年前に糖尿病腎症を指
摘されて自宅近くの診療所に通院している。身長 154 cm、体重 52 kg。体重はこの
1 年間変化がない。脈拍 60/分、整。血圧 132/72 mmHg。心音と呼吸音とに異常
を認めない。両下腿に軽度の圧痕性浮腫を認める。両側のアキレス腱反射は消失し
ている。尿所見：蛋白 3 ＋、糖 1 ＋、潜血（－）。血液所見：赤血球 349 万、Hb
11.3 g/dL、Ht 36 %。血液生化学所見：総蛋白 5.3 g/dL、アルブミン 3.0 g/dL、
尿素窒素 47 mg/dL、クレアチニン 2.8 mg/dL、eGFR 15.3 mL/分/1.73 m2
、尿酸
6.0 mg/dL、 血 糖 97 mg/dL、 HbA1c 6.4 %（基 準 4.9～6.0）、 Na 132 mEq/L、
K 5.8 mEq/L、Cl 107 mEq/L。患者は 1 日 1.5 L の飲水を行っており、外来で行っ
た蓄尿検査で推定される塩分摂取量は 5.8 g/日、蛋白質摂取量は 30 g/日、カリウ
ム摂取量は 3,500 mg/日であった。
この患者の食事内容で制限すべきなのはどれか。
ａ　塩　分
ｂ　水　分
ｃ　蛋白質
ｄ　カリウム
ｅ　カロリー"
F047,"日齢 3 の男児。頭部の腫瘤を主訴に新生児搬送された。在胎 39 週、3,120 g で
頭位自然分娩で出生した。仮死はなかった。出生直後から頭部の腫瘤を認めてい
た。腫瘤が増大し、黄疸と貧血とが出現して次第に増悪したため転院した。意識は
清明。身長 51.0 cm、体重 3,080 g。体温 37.0 ℃。心拍数 140/分、整。血圧 86/56
mmHg。呼吸数 32/分。SpO2 98 %（room air）。活気不良。顔色不良。両側の頭頂
側頭部に径 5 cm の軟らかい腫瘤を触知する。大泉門の膨隆を認めない。眼瞼結膜
に貧血を認める。眼球結膜に軽度の黄染を認める。心音と呼吸音とに異常を認めな
い。腹部は平坦、軟で、肝・脾を触知しない。血液所見：赤血球 233 万、Hb 8.2
g/dL、Ht 23 %、白血球 14,400、血小板 28 万、出血時間正常、PT-INR 1.0（基準
0.9～1.1）、APTT 90 秒（基準対照 32.2 秒）、フィブリノゲン 322 mg/dL（基準
130～380）。血液生化学所見：総ビリルビン 16.2 mg/dL、直接ビリルビン 0.1
mg/dL、AST 45 U/L、ALT 12 U/L、LD 430 U/L（基準 198～404）。児は第 2 子で
あり、 3 歳の姉がいる。両親は血族婚ではない。両親にはそれぞれ弟が 1 名いる。
この患者と同じ疾患を持つ可能性が最も高いのはだれか。
ａ　父
ｂ　母
ｃ　姉
ｄ　父の弟
ｅ　母の弟"
F050,"42 歳の男性。自殺目的で市販の睡眠薬を過量服薬し精神科病棟のない救急病院
に搬入された。救急処置を終えた後、精神科にコンサルテーションしたところうつ
病と診断された。 1 か月前から職場には不満などないにもかかわらず休むようにな
り、市販の睡眠薬を服用していた。入院数日以内に希死念慮が消失したため、近隣
の精神科診療所に通うことになった。本人、家族から今後の復職のためのリハビリ
テーションや精神症状が悪化した時の救急受診先の情報などについて相談された。
相談先として案内するもので適切なのはどれか。
ａ　グループホーム
ｂ　労働基準監督署
ｃ　就労移行支援事業所
ｄ　知的障害者更生施設
ｅ　精神保健福祉センター"
F051,"1 歳 6 か月の女児。 1 歳 6 か月健康診査のために両親に連れられて来院した。在
胎 39 週、出生体重 3,245 g、頭位自然分娩で出生した。身長 80 cm、体重 10 kg。
走ることはできるが、①両足で跳ぶことはできない。手をひいて階段を昇るが、②
階段を降りられない。鉛筆でなぐり書きをするが、③直線をまねしてひくことはで
きない。親指と人差し指で積み木をつまむことはできるが、④積み木を積むことは
できない。「パパ」「ママ」と言い、犬の絵を見せて「わんわんどれ？」と聞くと指でさ
すが、⑤絵を見せて「これなに？」と聞いても言えない。
下線部のうち、発達の遅れがみられるのはどれか。
ａ　①
ｂ　②
ｃ　③
ｄ　④
ｅ　⑤"
F052,"43 歳の男性。持続する咳、痰および労作時呼吸困難を主訴に来院した。小児期
から風邪をひきやすく 20 歳台から咳と痰の回数が増加した。 2 年前から膿性痰が
1 日中持続し息切れを自覚するようになった。自宅近くの診療所で抗菌薬を処方さ
れ症状は少し改善したが、再燃したため紹介受診した。喫煙歴はない。意識は清
明。体 温 36.9 ℃。脈 拍 76/分、整。血 圧 116/68 mmHg。呼 吸 数 20/分。SpO2
97 %（room air）。心音に異常を認めない。呼吸音は両側下胸部に coarse crackles
を聴取する。胸部エックス線写真で両側中・下肺野を中心にびまん性粒状陰影を認
めた。胸部単純 CT でびまん性小葉中心性粒状影を認めた。
診断はどれか。
ａ　肺気腫
ｂ　粟粒結核
ｃ　気管支拡張症
ｄ　慢性気管支炎
ｅ　びまん性汎細気管支炎"
F053,"38 歳の女性。手に菌がついてしまっているのではないかと心配で仕方ないこと
を主訴に母親に伴われて来院した。専門学校卒業後、20 歳から美容師となり、30
歳で美容院を開業している。その頃から菌がついていると言って頻回に手を洗うよ
うになり、数年前から家族の菌も恐れて家族を部屋に入れなくなった。最近は仕事
もできなくなり、自分自身の入浴に 2 時間くらいかけ、家族にも入念に体を洗うよ
うに指示するようになった。診察室では疎通性が良好で家族に迷惑をかけているこ
とを自覚している。
診断はどれか。
ａ　統合失調症
ｂ　症状性精神障害
ｃ　強迫性障害〈強迫症〉
ｄ　身体的苦痛症〈身体症状症〉
ｅ　素行障害〈素行・非社会的行動症〉"
F054,"84 歳の女性。息苦しさと発熱とを主訴に家族から往診の依頼があった。 5 年前
に脳梗塞を発症し要介護 2 と認定され訪問介護とデイサービスとを利用している。
1 日のほとんどを自宅内で過ごしており、排泄、入浴および着替えには一部介助が
必要である。最近、食事中にむせることが多くなった。体温 38.6 ℃。脈拍 104/分、
整。血圧 88/54 mmHg。呼吸数 22/分。SpO2 89 %（room air）。口腔内と皮膚は乾
燥し、呼吸音は右前胸部に coarse crackles を聴取する。
適切な対応はどれか。
ａ　介護医療院に入所させる。
ｂ　特定機能病院へ紹介する。
ｃ　地域医療支援病院へ紹介する。
ｄ　地域包括支援センターに連絡する。
ｅ　特別養護老人ホームに入所させる。"
F055,"17 歳の女子。労作時息切れと下腿浮腫を主訴に来院した。3 か月前から屋外プー
ルで水泳の練習をしているが、 1 か月前から倦怠感、労作時息切れ及び両下腿浮腫
が出現したため受診した。意識は清明。体温 37.4 ℃。脈拍 110/分、整。血圧
120/70 mmHg。顔面に紅斑を認める。その他の部位には皮疹を認めない。両側の
手関節と膝関節に腫脹と圧痛とを認める。尿所見：蛋白 3 ＋、糖（－）、潜血 1 ＋。
血液所見：赤血球 323 万、Hb 8.6 g/dL、Ht 38 %、網赤血球 2.5 %、白血球 2,300
（桿状核好中球 2 %、分葉核好中球 76 %、単球 10 %、リンパ球 12 %）、血小板 11
万。血液生化学所見：総蛋白 7.2 g/dL、アルブミン 2.6 g/dL、IgG 2,622 mg/dL
（基 準 861～1,747）、IgA 261 mg/dL（基 準 93～393）、IgM 122 mg/dL（基 準 50～
269）、総 ビ リ ル ビ ン 2.1 mg/dL、直 接 ビ リ ル ビ ン 0.2 mg/dL、AST 66 U/L、
ALT 56 U/L、LD 462 U/L（基 準 124～222）、ALP 110 U/L（基 準 38～113）、γ-GT
64 U/L（基準 9 ～32）、CK 42 U/L（基準 41～153）、尿素窒素 28 mg/dL、クレアチ
ニン 1.1 mg/dL、TSH 3.6 μU/mL（基準 0.2～4.0）。CRP 0.1 mg/dL。
この患者で陽性となる自己抗体はどれか。
ａ　抗 CCP 抗体
ｂ　抗 Jo-1 抗体
ｃ　抗 Mi-2 抗体
ｄ　抗 Scl-70 抗体
ｅ　抗 dsDNA 抗体"
F056,"70 歳の男性。交通外傷のため救急車で搬入された。歩行中に乗用車にはね飛ば
されたため救急車で搬送された。搬入時、呼びかけに応答しないが痛み刺激に対し
腕をはらいのける。体温 36.0 ℃。心拍数 120/分、整。血圧 130/70 mmHg。呼吸
数 40/分。SpO2 90 %（リザーバーマスク 10 L/分　酸素投与下）。体格は肥満型。心
電図モニターと連続測定血圧計を装着した。動脈血ガス分析（リザーバーマスク
10 L/分　酸素投与下）：pH 7.15、PaCO2 50 Torr、PaO2 60 Torr、HCO3
－ 20 mEq/L、
BE-8.0 mEq/L、Hb 9.0 g/dL、Ht 30 %。SpO2 80 %（リザーバーマスク 10 L/分　酸素投与下）に低下したので、用手換気を試みるが胸が上がらない。経口エアウェ
イを挿入し下顎挙上を行うが、胸が上がらない。気管挿管を試みるが、声門が直視
できず挿管困難であった。頸動脈は触知可能であった。
直ちに行うのはどれか。
ａ　ECMO
ｂ　胸骨圧迫
ｃ　緊急ペーシング
ｄ　輪状甲状靱帯切開
ｅ　大動脈内バルーンパンピング〈IABP〉"
F057,"生後 4 か月の男児。 3 回目のロタウイルスワクチンの接種のため母親に連れられ
て来院した。①在胎 36 週 2 日、②体重 2,460 g で出生した。新生児期に心雑音を
指摘され、③卵円孔開存と診断されたが、器質的な心疾患は指摘されていない。④
腸重積の既往がある。⑤来院後の体温は 37.0 ℃であった。
下線部のうち、ロタウイルスワクチンの接種が不適当と判断される理由はどれ
か。
ａ　①
ｂ　②
ｃ　③
ｄ　④
ｅ　⑤"
F064,"次の文を読み、64～66 の問いに答えよ。
35 歳の男性。高所からの転落のため救急車で搬入された。
現病歴　：　本日、塗装作業中に 3 m の高さから転落した際、頸部、背部および腰
部を強打した。下肢が動かせないため同僚が救急車を要請した。
既往歴　：　15 歳時に急性虫垂炎で手術。
生活歴　：　妻、長男および次男と 4 人暮らし。喫煙歴はない。飲酒は機会飲酒。
家族歴　：　父親が認知症で加療中である。
現　症　：　意識は清明。身長 172 cm、体重 75 kg。体温 36.5 ℃。心拍数 84/分、
整。血圧 130/62 mmHg。呼吸数 20/分。SpO2 98 %（room air）。眼瞼結膜と眼球結
膜とに異常を認めない。心音と呼吸音とに異常を認めない。頸部から腰部にかけて
仏痛を認めた。上肢の筋力は正常である。自力歩行はできない。両腸腰筋と大腿四
頭筋の収縮は認められるが、関節運動は認めない。両足関節の自動運動も認めな
い。臍部から両下肢に感覚障害を認めた。膝蓋腱反射とアキレス腱反射は両側に減
弱を認めた。
64 大腿四頭筋の徒手筋力テストの評価はどれか。
ａ　0
ｂ　1
ｃ　2
ｄ　3
ｅ　4"
F065,"次の文を読み、64～66 の問いに答えよ。
35 歳の男性。高所からの転落のため救急車で搬入された。
現病歴　：　本日、塗装作業中に 3 m の高さから転落した際、頸部、背部および腰
部を強打した。下肢が動かせないため同僚が救急車を要請した。
既往歴　：　15 歳時に急性虫垂炎で手術。
生活歴　：　妻、長男および次男と 4 人暮らし。喫煙歴はない。飲酒は機会飲酒。
家族歴　：　父親が認知症で加療中である。
現　症　：　意識は清明。身長 172 cm、体重 75 kg。体温 36.5 ℃。心拍数 84/分、
整。血圧 130/62 mmHg。呼吸数 20/分。SpO2 98 %（room air）。眼瞼結膜と眼球結
膜とに異常を認めない。心音と呼吸音とに異常を認めない。頸部から腰部にかけて
仏痛を認めた。上肢の筋力は正常である。自力歩行はできない。両腸腰筋と大腿四
頭筋の収縮は認められるが、関節運動は認めない。両足関節の自動運動も認めな
い。臍部から両下肢に感覚障害を認めた。膝蓋腱反射とアキレス腱反射は両側に減
弱を認めた。脊髄損傷の高位はどれか。
ａ　第 6 頸髄
ｂ　第 1 胸髄
ｃ　第 5 胸髄
ｄ　第 10 胸髄
ｅ　第 1 腰髄"
F066,"次の文を読み、64～66 の問いに答えよ。
35 歳の男性。高所からの転落のため救急車で搬入された。
現病歴　：　本日、塗装作業中に 3 m の高さから転落した際、頸部、背部および腰
部を強打した。下肢が動かせないため同僚が救急車を要請した。
既往歴　：　15 歳時に急性虫垂炎で手術。
生活歴　：　妻、長男および次男と 4 人暮らし。喫煙歴はない。飲酒は機会飲酒。
家族歴　：　父親が認知症で加療中である。
現　症　：　意識は清明。身長 172 cm、体重 75 kg。体温 36.5 ℃。心拍数 84/分、
整。血圧 130/62 mmHg。呼吸数 20/分。SpO2 98 %（room air）。眼瞼結膜と眼球結
膜とに異常を認めない。心音と呼吸音とに異常を認めない。頸部から腰部にかけて
仏痛を認めた。上肢の筋力は正常である。自力歩行はできない。両腸腰筋と大腿四
頭筋の収縮は認められるが、関節運動は認めない。両足関節の自動運動も認めな
い。臍部から両下肢に感覚障害を認めた。膝蓋腱反射とアキレス腱反射は両側に減
弱を認めた。受傷後 3 か月経過しても筋力の回復がない場合、この患者が自宅療養するにあた
り最も適切な装具・福祉用具はどれか。
ａ　歩行器
ｂ　短下肢装具
ｃ　電動車椅子
ｄ　標準型車椅子
ｅ　リフト〈移乗動作介助装置〉"
F070,"次の文を読み、70～72 の問いに答えよ。
70 歳の男性。意識障害のため救急車で搬入された。
現病歴　：　3 か月前に妻が死亡した後、約 1 週間前から生きていくのが非常に辛い
と悩んでいた。本日、自宅で意識を失った状態で倒れているところを息子が発見
し、救急車を要請した。救急搬送中に 10 分間のけいれんを認めた。本人が倒れて
いた部屋には空の瓶と遺書があった。
既往歴　：　高血圧症で降圧薬を内服している。
生活歴　：　息子と 2 人暮らし。自宅で農業を営んでいる。
家族歴　：　特記すべきことはない。
現　症　：　意識レベルは JCSⅢ-100。身長 169 cm、体重 72 kg。体温 38.8 ℃。心
拍数 120/分、整。血圧 120/82 mmHg。呼吸数 32/分。SpO2 85 %（リザーバ付マス
ク 10 L/分　酸素投与下）。瞳孔径は左右 2.0 mm。対光反射は緩慢である。口の周
囲に吐物と唾液の混ざったものを認める。全身に著明な発汗を伴い、全身の筋肉は
けいれんしている。
70 まず行う処置はどれか。
ａ　胃管挿入
ｂ　気管挿管
ｃ　全身冷却
ｄ　大量輸液
ｅ　中心静脈カテーテル留置"
F071,"次の文を読み、70～72 の問いに答えよ。
70 歳の男性。意識障害のため救急車で搬入された。
現病歴　：　3 か月前に妻が死亡した後、約 1 週間前から生きていくのが非常に辛い
と悩んでいた。本日、自宅で意識を失った状態で倒れているところを息子が発見
し、救急車を要請した。救急搬送中に 10 分間のけいれんを認めた。本人が倒れて
いた部屋には空の瓶と遺書があった。
既往歴　：　高血圧症で降圧薬を内服している。
生活歴　：　息子と 2 人暮らし。自宅で農業を営んでいる。
家族歴　：　特記すべきことはない。
現　症　：　意識レベルは JCSⅢ-100。身長 169 cm、体重 72 kg。体温 38.8 ℃。心
拍数 120/分、整。血圧 120/82 mmHg。呼吸数 32/分。SpO2 85 %（リザーバ付マス
ク 10 L/分　酸素投与下）。瞳孔径は左右 2.0 mm。対光反射は緩慢である。口の周
囲に吐物と唾液の混ざったものを認める。全身に著明な発汗を伴い、全身の筋肉は
けいれんしている。患者の息子への質問のうち搬入直後の治療のために最も重要なのはどれか。
ａ　「遺書をお持ちですか」
ｂ　「落ちていた空の瓶は持ってきましたか」
ｃ　「ご家族に精神科通院中の方はいますか」
ｄ　「お父さんはお酒をどれくらい飲みますか」
ｅ　「お父さんはけいれんを起こしたことがありますか」"
F072,"次の文を読み、70～72 の問いに答えよ。
70 歳の男性。意識障害のため救急車で搬入された。
現病歴　：　3 か月前に妻が死亡した後、約 1 週間前から生きていくのが非常に辛い
と悩んでいた。本日、自宅で意識を失った状態で倒れているところを息子が発見
し、救急車を要請した。救急搬送中に 10 分間のけいれんを認めた。本人が倒れて
いた部屋には空の瓶と遺書があった。
既往歴　：　高血圧症で降圧薬を内服している。
生活歴　：　息子と 2 人暮らし。自宅で農業を営んでいる。
家族歴　：　特記すべきことはない。
現　症　：　意識レベルは JCSⅢ-100。身長 169 cm、体重 72 kg。体温 38.8 ℃。心
拍数 120/分、整。血圧 120/82 mmHg。呼吸数 32/分。SpO2 85 %（リザーバ付マス
ク 10 L/分　酸素投与下）。瞳孔径は左右 2.0 mm。対光反射は緩慢である。口の周
囲に吐物と唾液の混ざったものを認める。全身に著明な発汗を伴い、全身の筋肉は
けいれんしている。検査所見　：　尿所見：淡黄色透明、蛋白（－）、糖（－）、潜血（－）。血液所
見：赤血球 502 万、Hb 15.1 g/dL、Ht 48 %、白血球 12,400、血小板 30 万。血液
生化学所見：総蛋白 7.3 g/dL、アルブミン 4.6 g/dL、総ビリルビン 0.9 mg/dL、
直接ビリルビン 0.3 mg/dL、AST 22 U/L、ALT 18 U/L、LD 195 U/L（基準 124～
222）、ALP 100 U/L（基 準 38～113）、コ リ ン エ ス テ ラ ー ゼ〈ChE〉40 U/L（基 準
240～486）、尿素窒素 12 mg/dL、クレアチニン 0.5 mg/dL、血糖 240 mg/dL、Na
140 mEq/L、K 3.1 mEq/L、Cl 101 mEq/L。CRP 11 mg/dL。心電図は洞性頻脈で
ST-T 変化は認めない。胸部エックス線写真で心胸郭比 59 %（臥位で撮影）。頭部
単純 CT で異常を認めない。
この患者のトキシドロームで最も考えられるのはどれか。
ａ　コリン作動性
ｂ　交感神経興奮性
ｃ　鎮静睡眠作用性
ｄ　オピオイド作動性
ｅ　ヒスタミン作用性"